$version Generated by VerilatedVcd $end
$timescale 1ps $end
 $scope module $rootio $end
 $upscope $end
 $scope module tp1_pkg $end
  $var wire 32 B DATA_WIDTH [31:0] $end
  $var wire 32 D ADDR_WIDTH [31:0] $end
 $upscope $end
 $scope module alu_tb $end
  $scope module io $end
   $var wire 32 B DATA_WIDTH [31:0] $end
   $var wire 32 / operand_a [31:0] $end
   $var wire 32 0 operand_b [31:0] $end
   $var wire 3 5 opcode [2:0] $end
   $var wire 32 8 result [31:0] $end
   $var wire 4 > flags [3:0] $end
  $upscope $end
  $var wire 32 # checks [31:0] $end
  $var wire 32 $ block_checks [31:0] $end
  $var wire 32 % block_a [31:0] $end
  $var wire 32 & block_b [31:0] $end
  $var wire 32 ' sum [31:0] $end
  $var wire 32 ( resta [31:0] $end
  $var wire 1 ) cs $end
  $var wire 1 * vs $end
  $var wire 1 + cr $end
  $var wire 1 , vr $end
  $var wire 1 - iguales $end
  $var wire 1 . negativo_out $end
  $scope module dut $end
   $var wire 32 B DATA_WIDTH [31:0] $end
   $scope module alu_io $end
    $var wire 32 B DATA_WIDTH [31:0] $end
    $var wire 32 / operand_a [31:0] $end
    $var wire 32 0 operand_b [31:0] $end
    $var wire 3 5 opcode [2:0] $end
    $var wire 32 8 result [31:0] $end
    $var wire 4 > flags [3:0] $end
   $upscope $end
   $var wire 32 / operand_a [31:0] $end
   $var wire 32 0 operand_b [31:0] $end
   $var wire 32 6 suma [31:0] $end
   $var wire 32 7 resta [31:0] $end
   $var wire 32 8 resultado [31:0] $end
   $var wire 1 1 carry_suma $end
   $var wire 1 ? overflow_suma $end
   $var wire 1 2 carry_resta $end
   $var wire 1 @ overflow_resta $end
   $var wire 1 9 carry_resultado $end
   $var wire 1 : overflow_resultado $end
   $var wire 1 ; opcode_valido $end
   $var wire 1 < es_cero $end
   $var wire 1 = es_negativo $end
   $scope module u_negativo $end
    $var wire 32 B DATA_WIDTH [31:0] $end
    $var wire 32 8 dato [31:0] $end
    $var wire 1 = negativo $end
   $upscope $end
   $scope module u_resta $end
    $var wire 32 B DATA_WIDTH [31:0] $end
    $var wire 32 / a [31:0] $end
    $var wire 32 0 b [31:0] $end
    $var wire 32 7 resta [31:0] $end
    $var wire 1 2 carry $end
    $var wire 1 @ overflow $end
   $upscope $end
   $scope module u_suma $end
    $var wire 32 B DATA_WIDTH [31:0] $end
    $var wire 32 / a [31:0] $end
    $var wire 32 0 b [31:0] $end
    $var wire 32 6 sum [31:0] $end
    $var wire 1 1 carry $end
    $var wire 1 ? overflow $end
   $upscope $end
   $scope module u_zero $end
    $var wire 32 B DATA_WIDTH [31:0] $end
    $var wire 32 8 a [31:0] $end
    $var wire 32 C b [31:0] $end
    $var wire 1 < iguales $end
   $upscope $end
  $upscope $end
  $scope module u_cmp $end
   $var wire 32 B DATA_WIDTH [31:0] $end
   $var wire 32 % a [31:0] $end
   $var wire 32 & b [31:0] $end
   $var wire 1 - iguales $end
  $upscope $end
  $scope module u_neg $end
   $var wire 32 B DATA_WIDTH [31:0] $end
   $var wire 32 % dato [31:0] $end
   $var wire 1 . negativo $end
  $upscope $end
  $scope module u_sub $end
   $var wire 32 B DATA_WIDTH [31:0] $end
   $var wire 32 % a [31:0] $end
   $var wire 32 & b [31:0] $end
   $var wire 32 ( resta [31:0] $end
   $var wire 1 + carry $end
   $var wire 1 , overflow $end
  $upscope $end
  $scope module u_sum $end
   $var wire 32 B DATA_WIDTH [31:0] $end
   $var wire 32 % a [31:0] $end
   $var wire 32 & b [31:0] $end
   $var wire 32 ' sum [31:0] $end
   $var wire 1 ) carry $end
   $var wire 1 * overflow $end
  $upscope $end
  $scope module unnamedblk1 $end
   $var wire 32 3 pattern [31:0] $end
   $scope module unnamedblk2 $end
    $var wire 32 A op [31:0] $end
   $upscope $end
   $scope module unnamedblk3 $end
    $var wire 32 4 bit_idx [31:0] $end
   $upscope $end
  $upscope $end
 $upscope $end
$enddefinitions $end


#0
b00000000000000000000000000000000 #
b00000000000000000000000000000000 $
b00000000000000000000000000000000 %
b00000000000000000000000000000000 &
b00000000000000000000000000000000 '
b00000000000000000000000000000000 (
0)
0*
0+
0,
1-
0.
b00000000000000000000000000001010 /
b00000000000000000000000000010100 0
01
12
b00000000000000000000000000000000 3
b00000000000000000000000000000000 4
b000 5
b00000000000000000000000000011110 6
b11111111111111111111111111110110 7
b00000000000000000000000000011110 8
09
0:
1;
0<
0=
b0000 >
0?
0@
b00000000000000000000000000000000 A
b00000000000000000000000000100000 B
b00000000000000000000000000000000 C
b00000000000000000000000000000101 D
#1000
b00000000000000000000000000000001 #
b11111111111111111111111111111111 /
b00000000000000000000000000000001 0
11
02
b00000000000000000000000000000000 6
b11111111111111111111111111111110 7
b00000000000000000000000000000000 8
19
1<
b1010 >
#2000
b00000000000000000000000000000010 #
b01111111111111111111111111111111 /
01
b10000000000000000000000000000000 6
b01111111111111111111111111111110 7
b10000000000000000000000000000000 8
09
1:
0<
1=
b0101 >
1?
#3000
b00000000000000000000000000000011 #
b10000000000000000000000000000000 /
b10000000000000000000000000000000 0
11
b00000000000000000000000000000000 6
b00000000000000000000000000000000 7
b00000000000000000000000000000000 8
19
1<
0=
b1011 >
#4000
b00000000000000000000000000000100 #
b00000000000000000000000000001010 /
b00000000000000000000000000010100 0
01
12
b001 5
b00000000000000000000000000011110 6
b11111111111111111111111111110110 7
b11111111111111111111111111110110 8
0:
0<
1=
b0110 >
0?
#5000
b00000000000000000000000000000101 #
b00000000000000000000000000001010 0
02
b00000000000000000000000000010100 6
b00000000000000000000000000000000 7
b00000000000000000000000000000000 8
09
1<
0=
b1000 >
#6000
b00000000000000000000000000000110 #
b00000000000000000000000000010100 /
b00000000000000000000000000011110 6
b00000000000000000000000000001010 7
b00000000000000000000000000001010 8
0<
b0000 >
#7000
b00000000000000000000000000000111 #
b10000000000000000000000000000000 /
b00000000000000000000000000000001 0
b10000000000000000000000000000001 6
b01111111111111111111111111111111 7
b01111111111111111111111111111111 8
1:
b0001 >
1@
#8000
b00000000000000000000000000001000 #
b01111111111111111111111111111111 /
b11111111111111111111111111111111 0
11
12
b01111111111111111111111111111110 6
b10000000000000000000000000000000 7
b10000000000000000000000000000000 8
19
1=
b0111 >
#9000
b00000000000000000000000000001001 #
b11111111111111111111111111111011 /
b10000000000000000000000000000000 0
02
b010 5
b01111111111111111111111111111011 6
b01111111111111111111111111111011 7
09
0:
b0100 >
1?
0@
#10000
b00000000000000000000000000001010 #
b00000000000000000000000000001010 /
b00000000000000000000000000010100 0
01
12
b00000000000000000000000000011110 6
b11111111111111111111111111110110 7
b00000000000000000000000000000000 8
1<
0=
b1000 >
0?
#11000
b00000000000000000000000000001011 #
b011 5
b00000000000000000000000000011110 8
0<
b0000 >
#12000
b00000000000000000000000000001100 #
b10000000000000000000000000000000 /
b00000000000000000000000000000000 0
02
b10000000000000000000000000000000 6
b10000000000000000000000000000000 7
b10000000000000000000000000000000 8
1=
b0100 >
#13000
b00000000000000000000000000001101 #
b00000000000000000000000000000000 /
b00000000000000000000000000000000 6
b00000000000000000000000000000000 7
b00000000000000000000000000000000 8
1<
0=
b1000 >
#14000
b00000000000000000000000000001110 #
b00000000000000000000000000001010 /
b00000000000000000000000000010100 0
12
b100 5
b00000000000000000000000000011110 6
b11111111111111111111111111110110 7
0;
b0100 >
#15000
b00000000000000000000000000001111 #
b101 5
b00000000000000000000000000000101 A
#16000
b00000000000000000000000000010000 #
b110 5
b00000000000000000000000000000110 A
#17000
b00000000000000000000000000010001 #
b111 5
b00000000000000000000000000000111 A
#18000
b00000000000000000000000000010010 #
b00000000000000000000000000001000 A
#19000
b00000000000000000000000000000000 /
b00000000000000000000000000000000 0
02
b000 5
b00000000000000000000000000000000 6
b00000000000000000000000000000000 7
1;
b1000 >
#20000
b00000000000000000000000000010011 #
b001 5
#21000
b00000000000000000000000000010100 #
b00000000000000000000000000000001 $
b01111111111111111111111111111111 %
b00000000000000000000000000000001 &
b10000000000000000000000000000000 '
b01111111111111111111111111111110 (
1*
0-
#22000
b01111111111111111111111111111111 /
b00000000000000000000000000000001 0
b000 5
b10000000000000000000000000000000 6
b01111111111111111111111111111110 7
b10000000000000000000000000000000 8
1:
0<
1=
b0101 >
1?
#23000
b00000000000000000000000000010101 #
b001 5
b01111111111111111111111111111110 8
0:
0=
b0000 >
#24000
b00000000000000000000000000010110 #
b00000000000000000000000000000010 $
b10000000000000000000000000000000 %
b10000000000000000000000000000001 '
b01111111111111111111111111111111 (
0*
1,
1.
#25000
b10000000000000000000000000000000 /
b000 5
b10000000000000000000000000000001 6
b01111111111111111111111111111111 7
b10000000000000000000000000000001 8
1=
b0100 >
0?
1@
#26000
b00000000000000000000000000010111 #
b001 5
b01111111111111111111111111111111 8
1:
0=
b0001 >
#27000
b00000000000000000000000000011000 #
b00000000000000000000000000000011 $
b11111111111111111111111111111111 %
b00000000000000000000000000000000 '
b11111111111111111111111111111110 (
1)
0,
#28000
b11111111111111111111111111111111 /
11
b000 5
b00000000000000000000000000000000 6
b11111111111111111111111111111110 7
b00000000000000000000000000000000 8
19
0:
1<
b1010 >
0@
#29000
b00000000000000000000000000011001 #
b001 5
b11111111111111111111111111111110 8
09
0<
1=
b0100 >
#30000
b00000000000000000000000000011010 #
b00000000000000000000000000000100 $
b10000000000000000000000000000000 %
b11111111111111111111111111111111 &
b01111111111111111111111111111111 '
b10000000000000000000000000000001 (
1*
1+
#31000
b10000000000000000000000000000000 /
b11111111111111111111111111111111 0
12
b000 5
b01111111111111111111111111111111 6
b10000000000000000000000000000001 7
b01111111111111111111111111111111 8
19
1:
0=
b0011 >
1?
#32000
b00000000000000000000000000011011 #
b001 5
b10000000000000000000000000000001 8
0:
1=
b0110 >
#33000
b00000000000000000000000000011100 #
b00000000000000000000000000000101 $
b00000000000000000000000000000001 %
b00000000000000000000000000000001 &
b00000000000000000000000000000010 '
b00000000000000000000000000000000 (
0)
0*
0+
1-
0.
b00000000000000000000000000000001 3
#34000
b00000000000000000000000000000001 /
b00000000000000000000000000000001 0
01
02
b000 5
b00000000000000000000000000000010 6
b00000000000000000000000000000000 7
b00000000000000000000000000000010 8
09
0=
b0000 >
0?
#35000
b00000000000000000000000000011101 #
b001 5
b00000000000000000000000000000000 8
1<
b1000 >
#36000
b00000000000000000000000000011110 #
b00000000000000000000000000000110 $
b00000000000000000000000000000000 &
b00000000000000000000000000000001 '
b00000000000000000000000000000001 (
0-
#37000
b00000000000000000000000000000000 0
b000 5
b00000000000000000000000000000001 6
b00000000000000000000000000000001 7
b00000000000000000000000000000001 8
0<
b0000 >
#38000
b00000000000000000000000000011111 #
b001 5
#39000
b00000000000000000000000000100000 #
b00000000000000000000000000000111 $
b00000000000000000000000000000010 %
b00000000000000000000000000000010 &
b00000000000000000000000000000100 '
b00000000000000000000000000000000 (
1-
b00000000000000000000000000000010 3
b00000000000000000000000000000001 4
#40000
b00000000000000000000000000000010 /
b00000000000000000000000000000010 0
b000 5
b00000000000000000000000000000100 6
b00000000000000000000000000000000 7
b00000000000000000000000000000100 8
#41000
b00000000000000000000000000100001 #
b001 5
b00000000000000000000000000000000 8
1<
b1000 >
#42000
b00000000000000000000000000100010 #
b00000000000000000000000000001000 $
b00000000000000000000000000000000 &
b00000000000000000000000000000010 '
b00000000000000000000000000000010 (
0-
#43000
b00000000000000000000000000000000 0
b000 5
b00000000000000000000000000000010 6
b00000000000000000000000000000010 7
b00000000000000000000000000000010 8
0<
b0000 >
#44000
b00000000000000000000000000100011 #
b001 5
#45000
b00000000000000000000000000100100 #
b00000000000000000000000000001001 $
b00000000000000000000000000000100 %
b00000000000000000000000000000100 &
b00000000000000000000000000001000 '
b00000000000000000000000000000000 (
1-
b00000000000000000000000000000100 3
b00000000000000000000000000000010 4
#46000
b00000000000000000000000000000100 /
b00000000000000000000000000000100 0
b000 5
b00000000000000000000000000001000 6
b00000000000000000000000000000000 7
b00000000000000000000000000001000 8
#47000
b00000000000000000000000000100101 #
b001 5
b00000000000000000000000000000000 8
1<
b1000 >
#48000
b00000000000000000000000000100110 #
b00000000000000000000000000001010 $
b00000000000000000000000000000000 &
b00000000000000000000000000000100 '
b00000000000000000000000000000100 (
0-
#49000
b00000000000000000000000000000000 0
b000 5
b00000000000000000000000000000100 6
b00000000000000000000000000000100 7
b00000000000000000000000000000100 8
0<
b0000 >
#50000
b00000000000000000000000000100111 #
b001 5
#51000
b00000000000000000000000000101000 #
b00000000000000000000000000001011 $
b00000000000000000000000000001000 %
b00000000000000000000000000001000 &
b00000000000000000000000000010000 '
b00000000000000000000000000000000 (
1-
b00000000000000000000000000001000 3
b00000000000000000000000000000011 4
#52000
b00000000000000000000000000001000 /
b00000000000000000000000000001000 0
b000 5
b00000000000000000000000000010000 6
b00000000000000000000000000000000 7
b00000000000000000000000000010000 8
#53000
b00000000000000000000000000101001 #
b001 5
b00000000000000000000000000000000 8
1<
b1000 >
#54000
b00000000000000000000000000101010 #
b00000000000000000000000000001100 $
b00000000000000000000000000000000 &
b00000000000000000000000000001000 '
b00000000000000000000000000001000 (
0-
#55000
b00000000000000000000000000000000 0
b000 5
b00000000000000000000000000001000 6
b00000000000000000000000000001000 7
b00000000000000000000000000001000 8
0<
b0000 >
#56000
b00000000000000000000000000101011 #
b001 5
#57000
b00000000000000000000000000101100 #
b00000000000000000000000000001101 $
b00000000000000000000000000010000 %
b00000000000000000000000000010000 &
b00000000000000000000000000100000 '
b00000000000000000000000000000000 (
1-
b00000000000000000000000000010000 3
b00000000000000000000000000000100 4
#58000
b00000000000000000000000000010000 /
b00000000000000000000000000010000 0
b000 5
b00000000000000000000000000100000 6
b00000000000000000000000000000000 7
b00000000000000000000000000100000 8
#59000
b00000000000000000000000000101101 #
b001 5
b00000000000000000000000000000000 8
1<
b1000 >
#60000
b00000000000000000000000000101110 #
b00000000000000000000000000001110 $
b00000000000000000000000000000000 &
b00000000000000000000000000010000 '
b00000000000000000000000000010000 (
0-
#61000
b00000000000000000000000000000000 0
b000 5
b00000000000000000000000000010000 6
b00000000000000000000000000010000 7
b00000000000000000000000000010000 8
0<
b0000 >
#62000
b00000000000000000000000000101111 #
b001 5
#63000
b00000000000000000000000000110000 #
b00000000000000000000000000001111 $
b00000000000000000000000000100000 %
b00000000000000000000000000100000 &
b00000000000000000000000001000000 '
b00000000000000000000000000000000 (
1-
b00000000000000000000000000100000 3
b00000000000000000000000000000101 4
#64000
b00000000000000000000000000100000 /
b00000000000000000000000000100000 0
b000 5
b00000000000000000000000001000000 6
b00000000000000000000000000000000 7
b00000000000000000000000001000000 8
#65000
b00000000000000000000000000110001 #
b001 5
b00000000000000000000000000000000 8
1<
b1000 >
#66000
b00000000000000000000000000110010 #
b00000000000000000000000000010000 $
b00000000000000000000000000000000 &
b00000000000000000000000000100000 '
b00000000000000000000000000100000 (
0-
#67000
b00000000000000000000000000000000 0
b000 5
b00000000000000000000000000100000 6
b00000000000000000000000000100000 7
b00000000000000000000000000100000 8
0<
b0000 >
#68000
b00000000000000000000000000110011 #
b001 5
#69000
b00000000000000000000000000110100 #
b00000000000000000000000000010001 $
b00000000000000000000000001000000 %
b00000000000000000000000001000000 &
b00000000000000000000000010000000 '
b00000000000000000000000000000000 (
1-
b00000000000000000000000001000000 3
b00000000000000000000000000000110 4
#70000
b00000000000000000000000001000000 /
b00000000000000000000000001000000 0
b000 5
b00000000000000000000000010000000 6
b00000000000000000000000000000000 7
b00000000000000000000000010000000 8
#71000
b00000000000000000000000000110101 #
b001 5
b00000000000000000000000000000000 8
1<
b1000 >
#72000
b00000000000000000000000000110110 #
b00000000000000000000000000010010 $
b00000000000000000000000000000000 &
b00000000000000000000000001000000 '
b00000000000000000000000001000000 (
0-
#73000
b00000000000000000000000000000000 0
b000 5
b00000000000000000000000001000000 6
b00000000000000000000000001000000 7
b00000000000000000000000001000000 8
0<
b0000 >
#74000
b00000000000000000000000000110111 #
b001 5
#75000
b00000000000000000000000000111000 #
b00000000000000000000000000010011 $
b00000000000000000000000010000000 %
b00000000000000000000000010000000 &
b00000000000000000000000100000000 '
b00000000000000000000000000000000 (
1-
b00000000000000000000000010000000 3
b00000000000000000000000000000111 4
#76000
b00000000000000000000000010000000 /
b00000000000000000000000010000000 0
b000 5
b00000000000000000000000100000000 6
b00000000000000000000000000000000 7
b00000000000000000000000100000000 8
#77000
b00000000000000000000000000111001 #
b001 5
b00000000000000000000000000000000 8
1<
b1000 >
#78000
b00000000000000000000000000111010 #
b00000000000000000000000000010100 $
b00000000000000000000000000000000 &
b00000000000000000000000010000000 '
b00000000000000000000000010000000 (
0-
#79000
b00000000000000000000000000000000 0
b000 5
b00000000000000000000000010000000 6
b00000000000000000000000010000000 7
b00000000000000000000000010000000 8
0<
b0000 >
#80000
b00000000000000000000000000111011 #
b001 5
#81000
b00000000000000000000000000111100 #
b00000000000000000000000000010101 $
b00000000000000000000000100000000 %
b00000000000000000000000100000000 &
b00000000000000000000001000000000 '
b00000000000000000000000000000000 (
1-
b00000000000000000000000100000000 3
b00000000000000000000000000001000 4
#82000
b00000000000000000000000100000000 /
b00000000000000000000000100000000 0
b000 5
b00000000000000000000001000000000 6
b00000000000000000000000000000000 7
b00000000000000000000001000000000 8
#83000
b00000000000000000000000000111101 #
b001 5
b00000000000000000000000000000000 8
1<
b1000 >
#84000
b00000000000000000000000000111110 #
b00000000000000000000000000010110 $
b00000000000000000000000000000000 &
b00000000000000000000000100000000 '
b00000000000000000000000100000000 (
0-
#85000
b00000000000000000000000000000000 0
b000 5
b00000000000000000000000100000000 6
b00000000000000000000000100000000 7
b00000000000000000000000100000000 8
0<
b0000 >
#86000
b00000000000000000000000000111111 #
b001 5
#87000
b00000000000000000000000001000000 #
b00000000000000000000000000010111 $
b00000000000000000000001000000000 %
b00000000000000000000001000000000 &
b00000000000000000000010000000000 '
b00000000000000000000000000000000 (
1-
b00000000000000000000001000000000 3
b00000000000000000000000000001001 4
#88000
b00000000000000000000001000000000 /
b00000000000000000000001000000000 0
b000 5
b00000000000000000000010000000000 6
b00000000000000000000000000000000 7
b00000000000000000000010000000000 8
#89000
b00000000000000000000000001000001 #
b001 5
b00000000000000000000000000000000 8
1<
b1000 >
#90000
b00000000000000000000000001000010 #
b00000000000000000000000000011000 $
b00000000000000000000000000000000 &
b00000000000000000000001000000000 '
b00000000000000000000001000000000 (
0-
#91000
b00000000000000000000000000000000 0
b000 5
b00000000000000000000001000000000 6
b00000000000000000000001000000000 7
b00000000000000000000001000000000 8
0<
b0000 >
#92000
b00000000000000000000000001000011 #
b001 5
#93000
b00000000000000000000000001000100 #
b00000000000000000000000000011001 $
b00000000000000000000010000000000 %
b00000000000000000000010000000000 &
b00000000000000000000100000000000 '
b00000000000000000000000000000000 (
1-
b00000000000000000000010000000000 3
b00000000000000000000000000001010 4
#94000
b00000000000000000000010000000000 /
b00000000000000000000010000000000 0
b000 5
b00000000000000000000100000000000 6
b00000000000000000000000000000000 7
b00000000000000000000100000000000 8
#95000
b00000000000000000000000001000101 #
b001 5
b00000000000000000000000000000000 8
1<
b1000 >
#96000
b00000000000000000000000001000110 #
b00000000000000000000000000011010 $
b00000000000000000000000000000000 &
b00000000000000000000010000000000 '
b00000000000000000000010000000000 (
0-
#97000
b00000000000000000000000000000000 0
b000 5
b00000000000000000000010000000000 6
b00000000000000000000010000000000 7
b00000000000000000000010000000000 8
0<
b0000 >
#98000
b00000000000000000000000001000111 #
b001 5
#99000
b00000000000000000000000001001000 #
b00000000000000000000000000011011 $
b00000000000000000000100000000000 %
b00000000000000000000100000000000 &
b00000000000000000001000000000000 '
b00000000000000000000000000000000 (
1-
b00000000000000000000100000000000 3
b00000000000000000000000000001011 4
#100000
b00000000000000000000100000000000 /
b00000000000000000000100000000000 0
b000 5
b00000000000000000001000000000000 6
b00000000000000000000000000000000 7
b00000000000000000001000000000000 8
#101000
b00000000000000000000000001001001 #
b001 5
b00000000000000000000000000000000 8
1<
b1000 >
#102000
b00000000000000000000000001001010 #
b00000000000000000000000000011100 $
b00000000000000000000000000000000 &
b00000000000000000000100000000000 '
b00000000000000000000100000000000 (
0-
#103000
b00000000000000000000000000000000 0
b000 5
b00000000000000000000100000000000 6
b00000000000000000000100000000000 7
b00000000000000000000100000000000 8
0<
b0000 >
#104000
b00000000000000000000000001001011 #
b001 5
#105000
b00000000000000000000000001001100 #
b00000000000000000000000000011101 $
b00000000000000000001000000000000 %
b00000000000000000001000000000000 &
b00000000000000000010000000000000 '
b00000000000000000000000000000000 (
1-
b00000000000000000001000000000000 3
b00000000000000000000000000001100 4
#106000
b00000000000000000001000000000000 /
b00000000000000000001000000000000 0
b000 5
b00000000000000000010000000000000 6
b00000000000000000000000000000000 7
b00000000000000000010000000000000 8
#107000
b00000000000000000000000001001101 #
b001 5
b00000000000000000000000000000000 8
1<
b1000 >
#108000
b00000000000000000000000001001110 #
b00000000000000000000000000011110 $
b00000000000000000000000000000000 &
b00000000000000000001000000000000 '
b00000000000000000001000000000000 (
0-
#109000
b00000000000000000000000000000000 0
b000 5
b00000000000000000001000000000000 6
b00000000000000000001000000000000 7
b00000000000000000001000000000000 8
0<
b0000 >
#110000
b00000000000000000000000001001111 #
b001 5
#111000
b00000000000000000000000001010000 #
b00000000000000000000000000011111 $
b00000000000000000010000000000000 %
b00000000000000000010000000000000 &
b00000000000000000100000000000000 '
b00000000000000000000000000000000 (
1-
b00000000000000000010000000000000 3
b00000000000000000000000000001101 4
#112000
b00000000000000000010000000000000 /
b00000000000000000010000000000000 0
b000 5
b00000000000000000100000000000000 6
b00000000000000000000000000000000 7
b00000000000000000100000000000000 8
#113000
b00000000000000000000000001010001 #
b001 5
b00000000000000000000000000000000 8
1<
b1000 >
#114000
b00000000000000000000000001010010 #
b00000000000000000000000000100000 $
b00000000000000000000000000000000 &
b00000000000000000010000000000000 '
b00000000000000000010000000000000 (
0-
#115000
b00000000000000000000000000000000 0
b000 5
b00000000000000000010000000000000 6
b00000000000000000010000000000000 7
b00000000000000000010000000000000 8
0<
b0000 >
#116000
b00000000000000000000000001010011 #
b001 5
#117000
b00000000000000000000000001010100 #
b00000000000000000000000000100001 $
b00000000000000000100000000000000 %
b00000000000000000100000000000000 &
b00000000000000001000000000000000 '
b00000000000000000000000000000000 (
1-
b00000000000000000100000000000000 3
b00000000000000000000000000001110 4
#118000
b00000000000000000100000000000000 /
b00000000000000000100000000000000 0
b000 5
b00000000000000001000000000000000 6
b00000000000000000000000000000000 7
b00000000000000001000000000000000 8
#119000
b00000000000000000000000001010101 #
b001 5
b00000000000000000000000000000000 8
1<
b1000 >
#120000
b00000000000000000000000001010110 #
b00000000000000000000000000100010 $
b00000000000000000000000000000000 &
b00000000000000000100000000000000 '
b00000000000000000100000000000000 (
0-
#121000
b00000000000000000000000000000000 0
b000 5
b00000000000000000100000000000000 6
b00000000000000000100000000000000 7
b00000000000000000100000000000000 8
0<
b0000 >
#122000
b00000000000000000000000001010111 #
b001 5
#123000
b00000000000000000000000001011000 #
b00000000000000000000000000100011 $
b00000000000000001000000000000000 %
b00000000000000001000000000000000 &
b00000000000000010000000000000000 '
b00000000000000000000000000000000 (
1-
b00000000000000001000000000000000 3
b00000000000000000000000000001111 4
#124000
b00000000000000001000000000000000 /
b00000000000000001000000000000000 0
b000 5
b00000000000000010000000000000000 6
b00000000000000000000000000000000 7
b00000000000000010000000000000000 8
#125000
b00000000000000000000000001011001 #
b001 5
b00000000000000000000000000000000 8
1<
b1000 >
#126000
b00000000000000000000000001011010 #
b00000000000000000000000000100100 $
b00000000000000000000000000000000 &
b00000000000000001000000000000000 '
b00000000000000001000000000000000 (
0-
#127000
b00000000000000000000000000000000 0
b000 5
b00000000000000001000000000000000 6
b00000000000000001000000000000000 7
b00000000000000001000000000000000 8
0<
b0000 >
#128000
b00000000000000000000000001011011 #
b001 5
#129000
b00000000000000000000000001011100 #
b00000000000000000000000000100101 $
b00000000000000010000000000000000 %
b00000000000000010000000000000000 &
b00000000000000100000000000000000 '
b00000000000000000000000000000000 (
1-
b00000000000000010000000000000000 3
b00000000000000000000000000010000 4
#130000
b00000000000000010000000000000000 /
b00000000000000010000000000000000 0
b000 5
b00000000000000100000000000000000 6
b00000000000000000000000000000000 7
b00000000000000100000000000000000 8
#131000
b00000000000000000000000001011101 #
b001 5
b00000000000000000000000000000000 8
1<
b1000 >
#132000
b00000000000000000000000001011110 #
b00000000000000000000000000100110 $
b00000000000000000000000000000000 &
b00000000000000010000000000000000 '
b00000000000000010000000000000000 (
0-
#133000
b00000000000000000000000000000000 0
b000 5
b00000000000000010000000000000000 6
b00000000000000010000000000000000 7
b00000000000000010000000000000000 8
0<
b0000 >
#134000
b00000000000000000000000001011111 #
b001 5
#135000
b00000000000000000000000001100000 #
b00000000000000000000000000100111 $
b00000000000000100000000000000000 %
b00000000000000100000000000000000 &
b00000000000001000000000000000000 '
b00000000000000000000000000000000 (
1-
b00000000000000100000000000000000 3
b00000000000000000000000000010001 4
#136000
b00000000000000100000000000000000 /
b00000000000000100000000000000000 0
b000 5
b00000000000001000000000000000000 6
b00000000000000000000000000000000 7
b00000000000001000000000000000000 8
#137000
b00000000000000000000000001100001 #
b001 5
b00000000000000000000000000000000 8
1<
b1000 >
#138000
b00000000000000000000000001100010 #
b00000000000000000000000000101000 $
b00000000000000000000000000000000 &
b00000000000000100000000000000000 '
b00000000000000100000000000000000 (
0-
#139000
b00000000000000000000000000000000 0
b000 5
b00000000000000100000000000000000 6
b00000000000000100000000000000000 7
b00000000000000100000000000000000 8
0<
b0000 >
#140000
b00000000000000000000000001100011 #
b001 5
#141000
b00000000000000000000000001100100 #
b00000000000000000000000000101001 $
b00000000000001000000000000000000 %
b00000000000001000000000000000000 &
b00000000000010000000000000000000 '
b00000000000000000000000000000000 (
1-
b00000000000001000000000000000000 3
b00000000000000000000000000010010 4
#142000
b00000000000001000000000000000000 /
b00000000000001000000000000000000 0
b000 5
b00000000000010000000000000000000 6
b00000000000000000000000000000000 7
b00000000000010000000000000000000 8
#143000
b00000000000000000000000001100101 #
b001 5
b00000000000000000000000000000000 8
1<
b1000 >
#144000
b00000000000000000000000001100110 #
b00000000000000000000000000101010 $
b00000000000000000000000000000000 &
b00000000000001000000000000000000 '
b00000000000001000000000000000000 (
0-
#145000
b00000000000000000000000000000000 0
b000 5
b00000000000001000000000000000000 6
b00000000000001000000000000000000 7
b00000000000001000000000000000000 8
0<
b0000 >
#146000
b00000000000000000000000001100111 #
b001 5
#147000
b00000000000000000000000001101000 #
b00000000000000000000000000101011 $
b00000000000010000000000000000000 %
b00000000000010000000000000000000 &
b00000000000100000000000000000000 '
b00000000000000000000000000000000 (
1-
b00000000000010000000000000000000 3
b00000000000000000000000000010011 4
#148000
b00000000000010000000000000000000 /
b00000000000010000000000000000000 0
b000 5
b00000000000100000000000000000000 6
b00000000000000000000000000000000 7
b00000000000100000000000000000000 8
#149000
b00000000000000000000000001101001 #
b001 5
b00000000000000000000000000000000 8
1<
b1000 >
#150000
b00000000000000000000000001101010 #
b00000000000000000000000000101100 $
b00000000000000000000000000000000 &
b00000000000010000000000000000000 '
b00000000000010000000000000000000 (
0-
#151000
b00000000000000000000000000000000 0
b000 5
b00000000000010000000000000000000 6
b00000000000010000000000000000000 7
b00000000000010000000000000000000 8
0<
b0000 >
#152000
b00000000000000000000000001101011 #
b001 5
#153000
b00000000000000000000000001101100 #
b00000000000000000000000000101101 $
b00000000000100000000000000000000 %
b00000000000100000000000000000000 &
b00000000001000000000000000000000 '
b00000000000000000000000000000000 (
1-
b00000000000100000000000000000000 3
b00000000000000000000000000010100 4
#154000
b00000000000100000000000000000000 /
b00000000000100000000000000000000 0
b000 5
b00000000001000000000000000000000 6
b00000000000000000000000000000000 7
b00000000001000000000000000000000 8
#155000
b00000000000000000000000001101101 #
b001 5
b00000000000000000000000000000000 8
1<
b1000 >
#156000
b00000000000000000000000001101110 #
b00000000000000000000000000101110 $
b00000000000000000000000000000000 &
b00000000000100000000000000000000 '
b00000000000100000000000000000000 (
0-
#157000
b00000000000000000000000000000000 0
b000 5
b00000000000100000000000000000000 6
b00000000000100000000000000000000 7
b00000000000100000000000000000000 8
0<
b0000 >
#158000
b00000000000000000000000001101111 #
b001 5
#159000
b00000000000000000000000001110000 #
b00000000000000000000000000101111 $
b00000000001000000000000000000000 %
b00000000001000000000000000000000 &
b00000000010000000000000000000000 '
b00000000000000000000000000000000 (
1-
b00000000001000000000000000000000 3
b00000000000000000000000000010101 4
#160000
b00000000001000000000000000000000 /
b00000000001000000000000000000000 0
b000 5
b00000000010000000000000000000000 6
b00000000000000000000000000000000 7
b00000000010000000000000000000000 8
#161000
b00000000000000000000000001110001 #
b001 5
b00000000000000000000000000000000 8
1<
b1000 >
#162000
b00000000000000000000000001110010 #
b00000000000000000000000000110000 $
b00000000000000000000000000000000 &
b00000000001000000000000000000000 '
b00000000001000000000000000000000 (
0-
#163000
b00000000000000000000000000000000 0
b000 5
b00000000001000000000000000000000 6
b00000000001000000000000000000000 7
b00000000001000000000000000000000 8
0<
b0000 >
#164000
b00000000000000000000000001110011 #
b001 5
#165000
b00000000000000000000000001110100 #
b00000000000000000000000000110001 $
b00000000010000000000000000000000 %
b00000000010000000000000000000000 &
b00000000100000000000000000000000 '
b00000000000000000000000000000000 (
1-
b00000000010000000000000000000000 3
b00000000000000000000000000010110 4
#166000
b00000000010000000000000000000000 /
b00000000010000000000000000000000 0
b000 5
b00000000100000000000000000000000 6
b00000000000000000000000000000000 7
b00000000100000000000000000000000 8
#167000
b00000000000000000000000001110101 #
b001 5
b00000000000000000000000000000000 8
1<
b1000 >
#168000
b00000000000000000000000001110110 #
b00000000000000000000000000110010 $
b00000000000000000000000000000000 &
b00000000010000000000000000000000 '
b00000000010000000000000000000000 (
0-
#169000
b00000000000000000000000000000000 0
b000 5
b00000000010000000000000000000000 6
b00000000010000000000000000000000 7
b00000000010000000000000000000000 8
0<
b0000 >
#170000
b00000000000000000000000001110111 #
b001 5
#171000
b00000000000000000000000001111000 #
b00000000000000000000000000110011 $
b00000000100000000000000000000000 %
b00000000100000000000000000000000 &
b00000001000000000000000000000000 '
b00000000000000000000000000000000 (
1-
b00000000100000000000000000000000 3
b00000000000000000000000000010111 4
#172000
b00000000100000000000000000000000 /
b00000000100000000000000000000000 0
b000 5
b00000001000000000000000000000000 6
b00000000000000000000000000000000 7
b00000001000000000000000000000000 8
#173000
b00000000000000000000000001111001 #
b001 5
b00000000000000000000000000000000 8
1<
b1000 >
#174000
b00000000000000000000000001111010 #
b00000000000000000000000000110100 $
b00000000000000000000000000000000 &
b00000000100000000000000000000000 '
b00000000100000000000000000000000 (
0-
#175000
b00000000000000000000000000000000 0
b000 5
b00000000100000000000000000000000 6
b00000000100000000000000000000000 7
b00000000100000000000000000000000 8
0<
b0000 >
#176000
b00000000000000000000000001111011 #
b001 5
#177000
b00000000000000000000000001111100 #
b00000000000000000000000000110101 $
b00000001000000000000000000000000 %
b00000001000000000000000000000000 &
b00000010000000000000000000000000 '
b00000000000000000000000000000000 (
1-
b00000001000000000000000000000000 3
b00000000000000000000000000011000 4
#178000
b00000001000000000000000000000000 /
b00000001000000000000000000000000 0
b000 5
b00000010000000000000000000000000 6
b00000000000000000000000000000000 7
b00000010000000000000000000000000 8
#179000
b00000000000000000000000001111101 #
b001 5
b00000000000000000000000000000000 8
1<
b1000 >
#180000
b00000000000000000000000001111110 #
b00000000000000000000000000110110 $
b00000000000000000000000000000000 &
b00000001000000000000000000000000 '
b00000001000000000000000000000000 (
0-
#181000
b00000000000000000000000000000000 0
b000 5
b00000001000000000000000000000000 6
b00000001000000000000000000000000 7
b00000001000000000000000000000000 8
0<
b0000 >
#182000
b00000000000000000000000001111111 #
b001 5
#183000
b00000000000000000000000010000000 #
b00000000000000000000000000110111 $
b00000010000000000000000000000000 %
b00000010000000000000000000000000 &
b00000100000000000000000000000000 '
b00000000000000000000000000000000 (
1-
b00000010000000000000000000000000 3
b00000000000000000000000000011001 4
#184000
b00000010000000000000000000000000 /
b00000010000000000000000000000000 0
b000 5
b00000100000000000000000000000000 6
b00000000000000000000000000000000 7
b00000100000000000000000000000000 8
#185000
b00000000000000000000000010000001 #
b001 5
b00000000000000000000000000000000 8
1<
b1000 >
#186000
b00000000000000000000000010000010 #
b00000000000000000000000000111000 $
b00000000000000000000000000000000 &
b00000010000000000000000000000000 '
b00000010000000000000000000000000 (
0-
#187000
b00000000000000000000000000000000 0
b000 5
b00000010000000000000000000000000 6
b00000010000000000000000000000000 7
b00000010000000000000000000000000 8
0<
b0000 >
#188000
b00000000000000000000000010000011 #
b001 5
#189000
b00000000000000000000000010000100 #
b00000000000000000000000000111001 $
b00000100000000000000000000000000 %
b00000100000000000000000000000000 &
b00001000000000000000000000000000 '
b00000000000000000000000000000000 (
1-
b00000100000000000000000000000000 3
b00000000000000000000000000011010 4
#190000
b00000100000000000000000000000000 /
b00000100000000000000000000000000 0
b000 5
b00001000000000000000000000000000 6
b00000000000000000000000000000000 7
b00001000000000000000000000000000 8
#191000
b00000000000000000000000010000101 #
b001 5
b00000000000000000000000000000000 8
1<
b1000 >
#192000
b00000000000000000000000010000110 #
b00000000000000000000000000111010 $
b00000000000000000000000000000000 &
b00000100000000000000000000000000 '
b00000100000000000000000000000000 (
0-
#193000
b00000000000000000000000000000000 0
b000 5
b00000100000000000000000000000000 6
b00000100000000000000000000000000 7
b00000100000000000000000000000000 8
0<
b0000 >
#194000
b00000000000000000000000010000111 #
b001 5
#195000
b00000000000000000000000010001000 #
b00000000000000000000000000111011 $
b00001000000000000000000000000000 %
b00001000000000000000000000000000 &
b00010000000000000000000000000000 '
b00000000000000000000000000000000 (
1-
b00001000000000000000000000000000 3
b00000000000000000000000000011011 4
#196000
b00001000000000000000000000000000 /
b00001000000000000000000000000000 0
b000 5
b00010000000000000000000000000000 6
b00000000000000000000000000000000 7
b00010000000000000000000000000000 8
#197000
b00000000000000000000000010001001 #
b001 5
b00000000000000000000000000000000 8
1<
b1000 >
#198000
b00000000000000000000000010001010 #
b00000000000000000000000000111100 $
b00000000000000000000000000000000 &
b00001000000000000000000000000000 '
b00001000000000000000000000000000 (
0-
#199000
b00000000000000000000000000000000 0
b000 5
b00001000000000000000000000000000 6
b00001000000000000000000000000000 7
b00001000000000000000000000000000 8
0<
b0000 >
#200000
b00000000000000000000000010001011 #
b001 5
#201000
b00000000000000000000000010001100 #
b00000000000000000000000000111101 $
b00010000000000000000000000000000 %
b00010000000000000000000000000000 &
b00100000000000000000000000000000 '
b00000000000000000000000000000000 (
1-
b00010000000000000000000000000000 3
b00000000000000000000000000011100 4
#202000
b00010000000000000000000000000000 /
b00010000000000000000000000000000 0
b000 5
b00100000000000000000000000000000 6
b00000000000000000000000000000000 7
b00100000000000000000000000000000 8
#203000
b00000000000000000000000010001101 #
b001 5
b00000000000000000000000000000000 8
1<
b1000 >
#204000
b00000000000000000000000010001110 #
b00000000000000000000000000111110 $
b00000000000000000000000000000000 &
b00010000000000000000000000000000 '
b00010000000000000000000000000000 (
0-
#205000
b00000000000000000000000000000000 0
b000 5
b00010000000000000000000000000000 6
b00010000000000000000000000000000 7
b00010000000000000000000000000000 8
0<
b0000 >
#206000
b00000000000000000000000010001111 #
b001 5
#207000
b00000000000000000000000010010000 #
b00000000000000000000000000111111 $
b00100000000000000000000000000000 %
b00100000000000000000000000000000 &
b01000000000000000000000000000000 '
b00000000000000000000000000000000 (
1-
b00100000000000000000000000000000 3
b00000000000000000000000000011101 4
#208000
b00100000000000000000000000000000 /
b00100000000000000000000000000000 0
b000 5
b01000000000000000000000000000000 6
b00000000000000000000000000000000 7
b01000000000000000000000000000000 8
#209000
b00000000000000000000000010010001 #
b001 5
b00000000000000000000000000000000 8
1<
b1000 >
#210000
b00000000000000000000000010010010 #
b00000000000000000000000001000000 $
b00000000000000000000000000000000 &
b00100000000000000000000000000000 '
b00100000000000000000000000000000 (
0-
#211000
b00000000000000000000000000000000 0
b000 5
b00100000000000000000000000000000 6
b00100000000000000000000000000000 7
b00100000000000000000000000000000 8
0<
b0000 >
#212000
b00000000000000000000000010010011 #
b001 5
#213000
b00000000000000000000000010010100 #
b00000000000000000000000001000001 $
b01000000000000000000000000000000 %
b01000000000000000000000000000000 &
b10000000000000000000000000000000 '
b00000000000000000000000000000000 (
1*
1-
b01000000000000000000000000000000 3
b00000000000000000000000000011110 4
#214000
b01000000000000000000000000000000 /
b01000000000000000000000000000000 0
b000 5
b10000000000000000000000000000000 6
b00000000000000000000000000000000 7
b10000000000000000000000000000000 8
1:
1=
b0101 >
1?
#215000
b00000000000000000000000010010101 #
b001 5
b00000000000000000000000000000000 8
0:
1<
0=
b1000 >
#216000
b00000000000000000000000010010110 #
b00000000000000000000000001000010 $
b00000000000000000000000000000000 &
b01000000000000000000000000000000 '
b01000000000000000000000000000000 (
0*
0-
#217000
b00000000000000000000000000000000 0
b000 5
b01000000000000000000000000000000 6
b01000000000000000000000000000000 7
b01000000000000000000000000000000 8
0<
b0000 >
0?
#218000
b00000000000000000000000010010111 #
b001 5
#219000
b00000000000000000000000010011000 #
b00000000000000000000000001000011 $
b10000000000000000000000000000000 %
b10000000000000000000000000000000 &
b00000000000000000000000000000000 '
b00000000000000000000000000000000 (
1)
1*
1-
1.
b10000000000000000000000000000000 3
b00000000000000000000000000011111 4
#220000
b10000000000000000000000000000000 /
b10000000000000000000000000000000 0
11
b000 5
b00000000000000000000000000000000 6
b00000000000000000000000000000000 7
b00000000000000000000000000000000 8
19
1:
1<
b1011 >
1?
#221000
b00000000000000000000000010011001 #
b001 5
09
0:
b1000 >
#222000
b00000000000000000000000010011010 #
b00000000000000000000000001000100 $
b00000000000000000000000000000000 &
b10000000000000000000000000000000 '
b10000000000000000000000000000000 (
0)
0*
0-
#223000
b00000000000000000000000000000000 0
01
b000 5
b10000000000000000000000000000000 6
b10000000000000000000000000000000 7
b10000000000000000000000000000000 8
0<
1=
b0100 >
0?
#224000
b00000000000000000000000010011011 #
b001 5
#225000
b00000000000000000000000010011100 #
b00000000000000000000000001000101 $
b01110101010000110010011101110111 %
b10111111101111011011111100000001 &
b00110101000000001110011001111000 '
b10110101100001010110100001110110 (
1)
1+
1,
0.
b01110101010000110010011101110111 3
b00000000000000000000000000100000 4
#226000
b01110101010000110010011101110111 /
b10111111101111011011111100000001 0
11
12
b000 5
b00110101000000001110011001111000 6
b10110101100001010110100001110110 7
b00110101000000001110011001111000 8
19
0=
b0010 >
1@
#227000
b00000000000000000000000010011101 #
b001 5
b10110101100001010110100001110110 8
1:
1=
b0111 >
#228000
b00000000000000000000000010011110 #
b00000000000000000000000001000110 $
b11001101001100000101111001101010 %
b00000111110011101100011000011100 &
b11010100111111110010010010000110 '
b11000101011000011001100001001110 (
0)
0+
0,
1.
b11001101001100000101111001101010 3
#229000
b11001101001100000101111001101010 /
b00000111110011101100011000011100 0
01
02
b000 5
b11010100111111110010010010000110 6
b11000101011000011001100001001110 7
b11010100111111110010010010000110 8
09
0:
b0100 >
0@
#230000
b00000000000000000000000010011111 #
b001 5
b11000101011000011001100001001110 8
#231000
b00000000000000000000000010100000 #
b00000000000000000000000001000111 $
b00100101110110111111101011000001 %
b11101111001001010110001010110111 &
b00010101000000010101110101111000 '
b00110110101101101001100000001010 (
1)
1+
0.
b00100101110110111111101011000001 3
#232000
b00100101110110111111101011000001 /
b11101111001001010110001010110111 0
11
12
b000 5
b00010101000000010101110101111000 6
b00110110101101101001100000001010 7
b00010101000000010101110101111000 8
19
0=
b0010 >
#233000
b00000000000000000000000010100001 #
b001 5
b00110110101101101001100000001010 8
#234000
b00000000000000000000000010100010 #
b00000000000000000000000001001000 $
b01001011010111001001010100101100 %
b10000001101000100000110101011010 &
b11001100111111101010001010000110 '
b11001001101110101000011111010010 (
0)
1,
b01001011010111001001010100101100 3
#235000
b01001011010111001001010100101100 /
b10000001101000100000110101011010 0
01
b000 5
b11001100111111101010001010000110 6
b11001001101110101000011111010010 7
b11001100111111101010001010000110 8
09
1=
b0100 >
1@
#236000
b00000000000000000000000010100011 #
b001 5
b11001001101110101000011111010010 8
19
1:
b0111 >
#237000
b00000000000000000000000010100100 #
b00000000000000000000000001001001 $
b10000100110111100000111010011011 %
b01001110001000001001011011101101 &
b11010010111111101010010110001000 '
b00110110101111010111011110101110 (
0+
1.
b10000100110111100000111010011011 3
#238000
b10000100110111100000111010011011 /
b01001110001000001001011011101101 0
02
b000 5
b11010010111111101010010110001000 6
b00110110101111010111011110101110 7
b11010010111111101010010110001000 8
09
0:
b0100 >
#239000
b00000000000000000000000010100101 #
b001 5
b00110110101111010111011110101110 8
1:
0=
b0001 >
#240000
b00000000000000000000000010100110 #
b00000000000000000000000001001010 $
b11100010101010100111001100111110 %
b00101000010101001110101101001000 &
b00001010111111110101111010000110 '
b10111010010101011000011111110110 (
1)
0,
b11100010101010100111001100111110 3
#241000
b11100010101010100111001100111110 /
b00101000010101001110101101001000 0
11
b000 5
b00001010111111110101111010000110 6
b10111010010101011000011111110110 7
b00001010111111110101111010000110 8
19
0:
b0010 >
0@
#242000
b00000000000000000000000010100111 #
b001 5
b10111010010101011000011111110110 8
09
1=
b0100 >
#243000
b00000000000000000000000010101000 #
b00000000000000000000000001001011 $
b11101010000011111000000110000101 %
b00100000111100010001100111110011 &
b00001011000000001001101101111000 '
b11001001000111100110011110010010 (
b11101010000011111000000110000101 3
#244000
b11101010000011111000000110000101 /
b00100000111100010001100111110011 0
b000 5
b00001011000000001001101101111000 6
b11001001000111100110011110010010 7
b00001011000000001001101101111000 8
19
0=
b0010 >
#245000
b00000000000000000000000010101001 #
b001 5
b11001001000111100110011110010010 8
09
1=
b0100 >
#246000
b00000000000000000000000010101010 #
b00000000000000000000000001001100 $
b11110010110100001000010100100000 %
b00111000001011100001110101010110 &
b00101010111111101010001001110110 '
b10111010101000100110011111001010 (
b11110010110100001000010100100000 3
#247000
b11110010110100001000010100100000 /
b00111000001011100001110101010110 0
b000 5
b00101010111111101010001001110110 6
b10111010101000100110011111001010 7
b00101010111111101010001001110110 8
19
0=
b0010 >
#248000
b00000000000000000000000010101011 #
b001 5
b10111010101000100110011111001010 8
09
1=
b0100 >
#249000
b00000000000000000000000010101100 #
b00000000000000000000000001001101 $
b10100110001100000111010111111111 %
b01101100110011101110110110001001 &
b00010010111111110110001110001000 '
b00111001011000011000100001110110 (
1,
b10100110001100000111010111111111 3
#250000
b10100110001100000111010111111111 /
b01101100110011101110110110001001 0
b000 5
b00010010111111110110001110001000 6
b00111001011000011000100001110110 7
b00010010111111110110001110001000 8
19
0=
b0010 >
1@
#251000
b00000000000000000000000010101101 #
b001 5
b00111001011000011000100001110110 8
09
1:
b0001 >
#252000
b00000000000000000000000010101110 #
b00000000000000000000000001001110 $
b10000001110011111000101101010010 %
b01001011001100010001001100100100 &
b11001101000000001001111001110110 '
b00110110100111100111100000101110 (
0)
b10000001110011111000101101010010 3
#253000
b10000001110011111000101101010010 /
b01001011001100010001001100100100 0
01
b000 5
b11001101000000001001111001110110 6
b00110110100111100111100000101110 7
b11001101000000001001111001110110 8
0:
1=
b0100 >
#254000
b00000000000000000000000010101111 #
b001 5
b00110110100111100111100000101110 8
1:
0=
b0001 >
#255000
b00000000000000000000000010110000 #
b00000000000000000000000001001111 $
b00100000011111011011001010001001 %
b11101010100000110010101011111111 &
b00001011000000001101110110001000 '
b00110101111110101000011110001010 (
1)
1+
0,
0.
b00100000011111011011001010001001 3
#256000
b00100000011111011011001010001001 /
b11101010100000110010101011111111 0
11
12
b000 5
b00001011000000001101110110001000 6
b00110101111110101000011110001010 7
b00001011000000001101110110001000 8
19
0:
b0010 >
0@
#257000
b00000000000000000000000010110001 #
b001 5
b00110101111110101000011110001010 8
#258000
b00000000000000000000000010110010 #
b00000000000000000000000001010000 $
b01100111010101001001101001010100 %
b10101101101010100000001000100010 &
b00010100111111101001110001110110 '
b10111001101010101001100000110010 (
1,
b01100111010101001001101001010100 3
#259000
b01100111010101001001101001010100 /
b10101101101010100000001000100010 0
b000 5
b00010100111111101001110001110110 6
b10111001101010101001100000110010 7
b00010100111111101001110001110110 8
1@
#260000
b00000000000000000000000010110011 #
b001 5
b10111001101010101001100000110010 8
1:
1=
b0111 >
#261000
b00000000000000000000000010110100 #
b00000000000000000000000001010001 $
b01000011011011000100000110100011 %
b10001001100100101101100111010101 &
b11001100111111110001101101111000 '
b10111001110110010110011111001110 (
0)
b01000011011011000100000110100011 3
#262000
b01000011011011000100000110100011 /
b10001001100100101101100111010101 0
01
b000 5
b11001100111111110001101101111000 6
b10111001110110010110011111001110 7
b11001100111111110001101101111000 8
09
0:
b0100 >
#263000
b00000000000000000000000010110101 #
b001 5
b10111001110110010110011111001110 8
19
1:
b0111 >
#264000
b00000000000000000000000010110110 #
b00000000000000000000000001010010 $
b00110100000000000011101010100110 %
b11111110111111101010001011010000 &
b00110010111111101101110101110110 '
b00110101000000011001011111010110 (
1)
0,
b00110100000000000011101010100110 3
#265000
b00110100000000000011101010100110 /
b11111110111111101010001011010000 0
11
b000 5
b00110010111111101101110101110110 6
b00110101000000011001011111010110 7
b00110010111111101101110101110110 8
0:
0=
b0010 >
0@
#266000
b00000000000000000000000010110111 #
b001 5
b00110101000000011001011111010110 8
#267000
b00000000000000000000000010111000 #
b00000000000000000000000001010011 $
b10110010000001100001000111001101 %
b01111000111110001000100110111011 &
b00101010111111101001101110001000 '
b00111001000011011000100000010010 (
0+
1,
1.
b10110010000001100001000111001101 3
#268000
b10110010000001100001000111001101 /
b01111000111110001000100110111011 0
02
b000 5
b00101010111111101001101110001000 6
b00111001000011011000100000010010 7
b00101010111111101001101110001000 8
1@
#269000
b00000000000000000000000010111001 #
b001 5
b00111001000011011000100000010010 8
09
1:
b0001 >
#270000
b00000000000000000000000010111010 #
b00000000000000000000000001010100 $
b01101110110110101000100011001000 %
b10100100001001000001000010111110 &
b00010010111111101001100110000110 '
b11001010101101100111100000001010 (
1+
0.
b01101110110110101000100011001000 3
#271000
b01101110110110101000100011001000 /
b10100100001001000001000010111110 0
12
b000 5
b00010010111111101001100110000110 6
b11001010101101100111100000001010 7
b00010010111111101001100110000110 8
19
0:
b0010 >
#272000
b00000000000000000000000010111011 #
b001 5
b11001010101101100111100000001010 8
1:
1=
b0111 >
#273000
b00000000000000000000000010111100 #
b00000000000000000000000001010101 $
b01001011100011111001010110000111 %
b10000001011100010000110111110001 &
b11001101000000001010001101111000 '
b11001010000111101000011110010110 (
0)
b01001011100011111001010110000111 3
#274000
b01001011100011111001010110000111 /
b10000001011100010000110111110001 0
01
b000 5
b11001101000000001010001101111000 6
b11001010000111101000011110010110 7
b11001101000000001010001101111000 8
09
0:
b0100 >
#275000
b00000000000000000000000010111101 #
b001 5
b11001010000111101000011110010110 8
19
1:
b0111 >
#276000
b00000000000000000000000010111110 #
b00000000000000000000000001010110 $
b11100010011111000101010100111010 %
b00101000100000101100110101001100 &
b00001010111111110010001010000110 '
b10111001111110011000011111101110 (
1)
0+
0,
1.
b11100010011111000101010100111010 3
#277000
b11100010011111000101010100111010 /
b00101000100000101100110101001100 0
11
02
b000 5
b00001010111111110010001010000110 6
b10111001111110011000011111101110 7
b00001010111111110010001010000110 8
0:
0=
b0010 >
0@
#278000
b00000000000000000000000010111111 #
b001 5
b10111001111110011000011111101110 8
09
1=
b0100 >
#279000
b00000000000000000000000011000000 #
b00000000000000000000000001010111 $
b10011001010111100110001101010001 %
b01010011101000001111101100100111 &
b11101100111111110101111001111000 '
b01000101101111010110100000101010 (
0)
1,
b10011001010111100110001101010001 3
#280000
b10011001010111100110001101010001 /
b01010011101000001111101100100111 0
01
b000 5
b11101100111111110101111001111000 6
b01000101101111010110100000101010 7
b11101100111111110101111001111000 8
1@
#281000
b00000000000000000000000011000001 #
b001 5
b01000101101111010110100000101010 8
1:
0=
b0001 >
#282000
b00000000000000000000000011000010 #
b00000000000000000000000001011000 $
b01010100101101010100010001111100 %
b10011110010010111101110000001010 &
b11110011000000010010000010000110 '
b10110110011010010110100001110010 (
1+
0.
b01010100101101010100010001111100 3
#283000
b01010100101101010100010001111100 /
b10011110010010111101110000001010 0
12
b000 5
b11110011000000010010000010000110 6
b10110110011010010110100001110010 7
b11110011000000010010000010000110 8
0:
1=
b0100 >
#284000
b00000000000000000000000011000011 #
b001 5
b10110110011010010110100001110010 8
19
1:
b0111 >
#285000
b00000000000000000000000011000100 #
b00000000000000000000000001011001 $
b01110011000010001101010110101011 %
b10111001111101100100110111011101 &
b00101100111111110010001110001000 '
b10111001000100101000011111001110 (
1)
b01110011000010001101010110101011 3
#286000
b01110011000010001101010110101011 /
b10111001111101100100110111011101 0
11
b000 5
b00101100111111110010001110001000 6
b10111001000100101000011111001110 7
b00101100111111110010001110001000 8
0:
0=
b0010 >
#287000
b00000000000000000000000011000101 #
b001 5
b10111001000100101000011111001110 8
1:
1=
b0111 >
#288000
b00000000000000000000000011000110 #
b00000000000000000000000001011010 $
b01110110101101101110111100001110 %
b10111100010010000111011101111000 &
b00110010111111110110011010000110 '
b10111010011011100111011110010110 (
b01110110101101101110111100001110 3
#289000
b01110110101101101110111100001110 /
b10111100010010000111011101111000 0
b000 5
b00110010111111110110011010000110 6
b10111010011011100111011110010110 7
b00110010111111110110011010000110 8
0:
0=
b0010 >
#290000
b00000000000000000000000011000111 #
b001 5
b10111010011011100111011110010110 8
1:
1=
b0111 >
#291000
b00000000000000000000000011001000 #
b00000000000000000000000001011011 $
b01111111010101101010101100010101 %
b10110101101010000011001101100011 &
b00110100111111101101111001111000 '
b11001001101011100111011110110010 (
b01111111010101101010101100010101 3
#292000
b01111111010101101010101100010101 /
b10110101101010000011001101100011 0
b000 5
b00110100111111101101111001111000 6
b11001001101011100111011110110010 7
b00110100111111101101111001111000 8
0:
0=
b0010 >
#293000
b00000000000000000000000011001001 #
b001 5
b11001001101011100111011110110010 8
1:
1=
b0111 >
#294000
b00000000000000000000000011001010 #
b00000000000000000000000001011100 $
b11110001000011010000000101110000 %
b00111011111100111001100100000110 &
b00101101000000001001101001110110 '
b10110101000110010110100001101010 (
0+
0,
1.
b11110001000011010000000101110000 3
#295000
b11110001000011010000000101110000 /
b00111011111100111001100100000110 0
02
b000 5
b00101101000000001001101001110110 6
b10110101000110010110100001101010 7
b00101101000000001001101001110110 8
0:
0=
b0010 >
0@
#296000
b00000000000000000000000011001011 #
b001 5
b10110101000110010110100001101010 8
09
1=
b0100 >
#297000
b00000000000000000000000011001100 #
b00000000000000000000000001011101 $
b11001100100110101010011000001111 %
b00000110011001000011111001111001 &
b11010010111111101110010010001000 '
b11000110001101100110011110010110 (
0)
b11001100100110101010011000001111 3
#298000
b11001100100110101010011000001111 /
b00000110011001000011111001111001 0
01
b000 5
b11010010111111101110010010001000 6
b11000110001101100110011110010110 7
b11010010111111101110010010001000 8
#299000
b00000000000000000000000011001101 #
b001 5
b11000110001101100110011110010110 8
#300000
b00000000000000000000000011001110 #
b00000000000000000000000001011110 $
b01110101111010100101110000100010 %
b10111111000101001100010001010100 &
b00110100111111110010000001110110 '
b10110110110101011001011111001110 (
1)
1+
1,
0.
b01110101111010100101110000100010 3
#301000
b01110101111010100101110000100010 /
b10111111000101001100010001010100 0
11
12
b000 5
b00110100111111110010000001110110 6
b10110110110101011001011111001110 7
b00110100111111110010000001110110 8
19
0=
b0010 >
1@
#302000
b00000000000000000000000011001111 #
b001 5
b10110110110101011001011111001110 8
1:
1=
b0111 >
#303000
b00000000000000000000000011010000 #
b00000000000000000000000001011111 $
b10011001010111010010110100011001 %
b01010011101000111011010101101111 &
b11101101000000001110001010001000 '
b01000101101110010111011110101010 (
0)
0+
1.
b10011001010111010010110100011001 3
#304000
b10011001010111010010110100011001 /
b01010011101000111011010101101111 0
01
02
b000 5
b11101101000000001110001010001000 6
b01000101101110010111011110101010 7
b11101101000000001110001010001000 8
09
0:
b0100 >
#305000
b00000000000000000000000011010001 #
b001 5
b01000101101110010111011110101010 8
1:
0=
b0001 >
#306000
b00000000000000000000000011010010 #
b00000000000000000000000001100000 $
b10001101100100110011001110100100 %
b01000111011011011010101111010010 &
b11010101000000001101111101110110 '
b01000110001001011000011111010010 (
b10001101100100110011001110100100 3
#307000
b10001101100100110011001110100100 /
b01000111011011011010101111010010 0
b000 5
b11010101000000001101111101110110 6
b01000110001001011000011111010010 7
b11010101000000001101111101110110 8
0:
1=
b0100 >
#308000
b00000000000000000000000011010011 #
b001 5
b01000110001001011000011111010010 8
1:
0=
b0001 >
#309000
b00000000000000000000000011010100 #
b00000000000000000000000001100001 $
b00011110011111111110101010110011 %
b11010100100000010111001011000101 &
b11110011000000010101110101111000 '
b01001001111111100111011111101110 (
1+
0,
0.
b00011110011111111110101010110011 3
#310000
b00011110011111111110101010110011 /
b11010100100000010111001011000101 0
12
b000 5
b11110011000000010101110101111000 6
b01001001111111100111011111101110 7
b11110011000000010101110101111000 8
0:
1=
b0100 >
0@
#311000
b00000000000000000000000011010101 #
b001 5
b01001001111111100111011111101110 8
19
0=
b0010 >
#312000
b00000000000000000000000011010110 #
b00000000000000000000000001100010 $
b10101011111011000011000001110110 %
b01100001000100101010100000000000 &
b00001100111111101101100001110110 '
b01001010110110011000100001110110 (
1)
0+
1,
1.
b10101011111011000011000001110110 3
#313000
b10101011111011000011000001110110 /
b01100001000100101010100000000000 0
11
02
b000 5
b00001100111111101101100001110110 6
b01001010110110011000100001110110 7
b00001100111111101101100001110110 8
1@
#314000
b00000000000000000000000011010111 #
b001 5
b01001010110110011000100001110110 8
09
1:
b0001 >
#315000
b00000000000000000000000011011000 #
b00000000000000000000000001100011 $
b11001110010000100110110101011101 %
b00000100101111001111010100101011 &
b11010010111111110110001010001000 '
b11001001100001010111100000110010 (
0)
0,
b11001110010000100110110101011101 3
#316000
b11001110010000100110110101011101 /
b00000100101111001111010100101011 0
01
b000 5
b11010010111111110110001010001000 6
b11001001100001010111100000110010 7
b11010010111111110110001010001000 8
0:
1=
b0100 >
0@
#317000
b00000000000000000000000011011001 #
b001 5
b11001001100001010111100000110010 8
#318000
b00000000000000000000000011011010 #
b00000000000000000000000001100100 $
b11011011011101101000111100011000 %
b00010001100010000001011101101110 &
b11101100111111101010011010000110 '
b11001001111011100111011110101010 (
b11011011011101101000111100011000 3
#319000
b11011011011101101000111100011000 /
b00010001100010000001011101101110 0
b000 5
b11101100111111101010011010000110 6
b11001001111011100111011110101010 7
b11101100111111101010011010000110 8
#320000
b00000000000000000000000011011011 #
b001 5
b11001001111011100111011110101010 8
#321000
b00000000000000000000000011011100 #
b00000000000000000000000001100101 $
b10010111110011111100011110010111 %
b01011101001100010101111111100001 &
b11110101000000010010011101111000 '
b00111010100111100110011110110110 (
1,
b10010111110011111100011110010111 3
#322000
b10010111110011111100011110010111 /
b01011101001100010101111111100001 0
b000 5
b11110101000000010010011101111000 6
b00111010100111100110011110110110 7
b11110101000000010010011101111000 8
1@
#323000
b00000000000000000000000011011101 #
b001 5
b00111010100111100110011110110110 8
1:
0=
b0001 >
#324000
b00000000000000000000000011011110 #
b00000000000000000000000001100110 $
b00111001010000010100000000001010 %
b11110011101111111101100001111100 &
b00101101000000010001100010000110 '
b01000101100000010110011110001110 (
1)
1+
0,
0.
b00111001010000010100000000001010 3
#325000
b00111001010000010100000000001010 /
b11110011101111111101100001111100 0
11
12
b000 5
b00101101000000010001100010000110 6
b01000101100000010110011110001110 7
b00101101000000010001100010000110 8
19
0:
b0010 >
0@
#326000
b00000000000000000000000011011111 #
b001 5
b01000101100000010110011110001110 8
#327000
b00000000000000000000000011100000 #
b00000000000000000000000001100111 $
b01100101001111010010111111100001 %
b10101111110000111011011110010111 &
b00010101000000001110011101111000 '
b10110101011110010111100001001010 (
1,
b01100101001111010010111111100001 3
#328000
b01100101001111010010111111100001 /
b10101111110000111011011110010111 0
b000 5
b00010101000000001110011101111000 6
b10110101011110010111100001001010 7
b00010101000000001110011101111000 8
1@
#329000
b00000000000000000000000011100001 #
b001 5
b10110101011110010111100001001010 8
1:
1=
b0111 >
#330000
b00000000000000000000000011100010 #
b00000000000000000000000001101000 $
b01101110100101110000011111001100 %
b10100100011010011001111110111010 &
b00010011000000001010011110000110 '
b11001010001011010110100000010010 (
b01101110100101110000011111001100 3
#331000
b01101110100101110000011111001100 /
b10100100011010011001111110111010 0
b000 5
b00010011000000001010011110000110 6
b11001010001011010110100000010010 7
b00010011000000001010011110000110 8
0:
0=
b0010 >
#332000
b00000000000000000000000011100011 #
b001 5
b11001010001011010110100000010010 8
1:
1=
b0111 >
#333000
b00000000000000000000000011100100 #
b00000000000000000000000001101001 $
b11001010001000011010000010111011 %
b00000000110111110011100011001101 &
b11001011000000001101100110001000 '
b11001001010000100110011111101110 (
0)
0+
0,
1.
b11001010001000011010000010111011 3
#334000
b11001010001000011010000010111011 /
b00000000110111110011100011001101 0
01
02
b000 5
b11001011000000001101100110001000 6
b11001001010000100110011111101110 7
b11001011000000001101100110001000 8
09
0:
b0100 >
0@
#335000
b00000000000000000000000011100101 #
b001 5
b11001001010000100110011111101110 8
#336000
b00000000000000000000000011100110 #
b00000000000000000000000001101010 $
b10011000011100011001111011011110 %
b01010010100011110000011010101000 &
b11101011000000001010010110000110 '
b01000101111000101001100000110110 (
1,
b10011000011100011001111011011110 3
#337000
b10011000011100011001111011011110 /
b01010010100011110000011010101000 0
b000 5
b11101011000000001010010110000110 6
b01000101111000101001100000110110 7
b11101011000000001010010110000110 8
1@
#338000
b00000000000000000000000011100111 #
b001 5
b01000101111000101001100000110110 8
1:
0=
b0001 >
#339000
b00000000000000000000000011101000 #
b00000000000000000000000001101011 $
b11000011001011100111100010100101 %
b00001001110100001110000011010011 &
b11001100111111110101100101111000 '
b10111001010111011001011111010010 (
0,
b11000011001011100111100010100101 3
#340000
b11000011001011100111100010100101 /
b00001001110100001110000011010011 0
b000 5
b11001100111111110101100101111000 6
b10111001010111011001011111010010 7
b11001100111111110101100101111000 8
0:
1=
b0100 >
0@
#341000
b00000000000000000000000011101001 #
b001 5
b10111001010111011001011111010010 8
#342000
b00000000000000000000000011101010 #
b00000000000000000000000001101100 $
b01110001111110011101000111000000 %
b10111011000001110100100110110110 &
b00101101000000010001101101110110 '
b10110110111100101000100000001010 (
1)
1+
1,
0.
b01110001111110011101000111000000 3
#343000
b01110001111110011101000111000000 /
b10111011000001110100100110110110 0
11
12
b000 5
b00101101000000010001101101110110 6
b10110110111100101000100000001010 7
b00101101000000010001101101110110 8
19
0=
b0010 >
1@
#344000
b00000000000000000000000011101011 #
b001 5
b10110110111100101000100000001010 8
1:
1=
b0111 >
#345000
b00000000000000000000000011101100 #
b00000000000000000000000001101101 $
b00001011011100010001101000011111 %
b11000001100011111000001001101001 &
b11001101000000001001110010001000 '
b01001001111000011001011110110110 (
0)
0,
b00001011011100010001101000011111 3
#346000
b00001011011100010001101000011111 /
b11000001100011111000001001101001 0
01
b000 5
b11001101000000001001110010001000 6
b01001001111000011001011110110110 7
b11001101000000001001110010001000 8
09
0:
b0100 >
0@
#347000
b00000000000000000000000011101101 #
b001 5
b01001001111000011001011110110110 8
19
0=
b0010 >
#348000
b00000000000000000000000011101110 #
b00000000000000000000000001101110 $
b01101110100111001010000011110010 %
b10100100011000100011100010000100 &
b00010010111111101101100101110110 '
b11001010001110100110100001101110 (
1)
1,
b01101110100111001010000011110010 3
#349000
b01101110100111001010000011110010 /
b10100100011000100011100010000100 0
11
b000 5
b00010010111111101101100101110110 6
b11001010001110100110100001101110 7
b00010010111111101101100101110110 8
1@
#350000
b00000000000000000000000011101111 #
b001 5
b11001010001110100110100001101110 8
1:
1=
b0111 >
#351000
b00000000000000000000000011110000 #
b00000000000000000000000001101111 $
b11111010001001011000101110101001 %
b00110000110110110001001111011111 &
b00101011000000001001111110001000 '
b11001001010010100111011111001010 (
0+
0,
1.
b11111010001001011000101110101001 3
#352000
b11111010001001011000101110101001 /
b00110000110110110001001111011111 0
02
b000 5
b00101011000000001001111110001000 6
b11001001010010100111011111001010 7
b00101011000000001001111110001000 8
0:
0=
b0010 >
0@
#353000
b00000000000000000000000011110001 #
b001 5
b11001001010010100111011111001010 8
09
1=
b0100 >
#354000
b00000000000000000000000011110010 #
b00000000000000000000000001110000 $
b10001001011111010110000011110100 %
b01000011100000111111100010000010 &
b11001101000000010101100101110110 '
b01000101111110010110100001110010 (
0)
1,
b10001001011111010110000011110100 3
#355000
b10001001011111010110000011110100 /
b01000011100000111111100010000010 0
01
b000 5
b11001101000000010101100101110110 6
b01000101111110010110100001110010 7
b11001101000000010101100101110110 8
1@
#356000
b00000000000000000000000011110011 #
b001 5
b01000101111110010110100001110010 8
1:
0=
b0001 >
#357000
b00000000000000000000000011110100 #
b00000000000000000000000001110001 $
b10100100010000100001011111000011 %
b01101110101111001000111110110101 &
b00010010111111101010011101111000 '
b00110101100001011000100000001110 (
1)
b10100100010000100001011111000011 3
#358000
b10100100010000100001011111000011 /
b01101110101111001000111110110101 0
11
b000 5
b00010010111111101010011101111000 6
b00110101100001011000100000001110 7
b00010010111111101010011101111000 8
19
0:
b0010 >
#359000
b00000000000000000000000011110101 #
b001 5
b00110101100001011000100000001110 8
09
1:
b0001 >
#360000
b00000000000000000000000011110110 #
b00000000000000000000000001110010 $
b00111011010011001101101001000110 %
b11110001101100100100001000110000 &
b00101100111111110001110001110110 '
b01001001100110101001100000010110 (
1+
0,
0.
b00111011010011001101101001000110 3
#361000
b00111011010011001101101001000110 /
b11110001101100100100001000110000 0
12
b000 5
b00101100111111110001110001110110 6
b01001001100110101001100000010110 7
b00101100111111110001110001110110 8
19
0:
b0010 >
0@
#362000
b00000000000000000000000011110111 #
b001 5
b01001001100110101001100000010110 8
#363000
b00000000000000000000000011111000 #
b00000000000000000000000001110011 $
b00101111001000111110110011101101 %
b11100101110111010111010010011011 &
b00010101000000010110000110001000 '
b01001001010001100111100001010010 (
b00101111001000111110110011101101 3
#364000
b00101111001000111110110011101101 /
b11100101110111010111010010011011 0
b000 5
b00010101000000010110000110001000 6
b01001001010001100111100001010010 7
b00010101000000010110000110001000 8
#365000
b00000000000000000000000011111001 #
b001 5
b01001001010001100111100001010010 8
#366000
b00000000000000000000000011111010 #
b00000000000000000000000001110100 $
b00010100110011010110100101101000 %
b11011110001100111111000100011110 &
b11110011000000010101101010000110 '
b00110110100110010111100001001010 (
0)
b00010100110011010110100101101000 3
#367000
b00010100110011010110100101101000 /
b11011110001100111111000100011110 0
01
b000 5
b11110011000000010101101010000110 6
b00110110100110010111100001001010 7
b11110011000000010101101010000110 8
09
1=
b0100 >
#368000
b00000000000000000000000011111011 #
b001 5
b00110110100110010111100001001010 8
19
0=
b0010 >
#369000
b00000000000000000000000011111100 #
b00000000000000000000000001110101 $
b01101110000001001011110110100111 %
b10100100111110100010010111010001 &
b00010010111111101110001101111000 '
b11001001000010101001011111010110 (
1)
1,
b01101110000001001011110110100111 3
#370000
b01101110000001001011110110100111 /
b10100100111110100010010111010001 0
11
b000 5
b00010010111111101110001101111000 6
b11001001000010101001011111010110 7
b00010010111111101110001101111000 8
1@
#371000
b00000000000000000000000011111101 #
b001 5
b11001001000010101001011111010110 8
1:
1=
b0111 >
#372000
b00000000000000000000000011111110 #
b00000000000000000000000001110110 $
b00111011100011000001111011011010 %
b11110001011100101000011010101100 &
b00101100111111101010010110000110 '
b01001010000110011001100000101110 (
0,
b00111011100011000001111011011010 3
#373000
b00111011100011000001111011011010 /
b11110001011100101000011010101100 0
b000 5
b00101100111111101010010110000110 6
b01001010000110011001100000101110 7
b00101100111111101010010110000110 8
0:
0=
b0010 >
0@
#374000
b00000000000000000000000011111111 #
b001 5
b01001010000110011001100000101110 8
#375000
b00000000000000000000000100000000 #
b00000000000000000000000001110111 $
b00011010001000010110000001110001 %
b11010000110111111111100000000111 &
b11101011000000010101100001111000 '
b01001001010000010110100001101010 (
0)
b00011010001000010110000001110001 3
#376000
b00011010001000010110000001110001 /
b11010000110111111111100000000111 0
01
b000 5
b11101011000000010101100001111000 6
b01001001010000010110100001101010 7
b11101011000000010101100001111000 8
09
1=
b0100 >
#377000
b00000000000000000000000100000001 #
b001 5
b01001001010000010110100001101010 8
19
0=
b0010 >
#378000
b00000000000000000000000100000010 #
b00000000000000000000000001111000 $
b01000111100101101101111100011100 %
b10001101011010000100011101101010 &
b11010100111111110010011010000110 '
b10111010001011101001011110110010 (
1,
b01000111100101101101111100011100 3
#379000
b01000111100101101101111100011100 /
b10001101011010000100011101101010 0
b000 5
b11010100111111110010011010000110 6
b10111010001011101001011110110010 7
b11010100111111110010011010000110 8
09
1=
b0100 >
1@
#380000
b00000000000000000000000100000011 #
b001 5
b10111010001011101001011110110010 8
19
1:
b0111 >
#381000
b00000000000000000000000100000100 #
b00000000000000000000000001111001 $
b11000101101110010110111111001011 %
b00001111010001111111011110111101 &
b11010101000000010110011110001000 '
b10110110011100010111100000001110 (
0+
0,
1.
b11000101101110010110111111001011 3
#382000
b11000101101110010110111111001011 /
b00001111010001111111011110111101 0
02
b000 5
b11010101000000010110011110001000 6
b10110110011100010111100000001110 7
b11010101000000010110011110001000 8
09
0:
b0100 >
0@
#383000
b00000000000000000000000100000101 #
b001 5
b10110110011100010111100000001110 8
#384000
b00000000000000000000000100000110 #
b00000000000000000000000001111010 $
b00010100001101111000001010101110 %
b11011110110010010001101011011000 &
b11110011000000001001110110000110 '
b00110101011011100110011111010110 (
1+
0.
b00010100001101111000001010101110 3
#385000
b00010100001101111000001010101110 /
b11011110110010010001101011011000 0
12
b000 5
b11110011000000001001110110000110 6
b00110101011011100110011111010110 7
b11110011000000001001110110000110 8
#386000
b00000000000000000000000100000111 #
b001 5
b00110101011011100110011111010110 8
19
0=
b0010 >
#387000
b00000000000000000000000100001000 #
b00000000000000000000000001111011 $
b00100100010011111110101000110101 %
b11101110101100010111001001000011 &
b00010011000000010101110001111000 '
b00110101100111100111011111110010 (
1)
b00100100010011111110101000110101 3
#388000
b00100100010011111110101000110101 /
b11101110101100010111001001000011 0
11
b000 5
b00010011000000010101110001111000 6
b00110101100111100111011111110010 7
b00010011000000010101110001111000 8
#389000
b00000000000000000000000100001001 #
b001 5
b00110101100111100111011111110010 8
#390000
b00000000000000000000000100001010 #
b00000000000000000000000001111100 $
b11001010111110111111011000010000 %
b00000000000001010110111001100110 &
b11001011000000010110010001110110 '
b11001010111101101000011110101010 (
0)
0+
1.
b11001010111110111111011000010000 3
#391000
b11001010111110111111011000010000 /
b00000000000001010110111001100110 0
01
02
b000 5
b11001011000000010110010001110110 6
b11001010111101101000011110101010 7
b11001011000000010110010001110110 8
09
1=
b0100 >
#392000
b00000000000000000000000100001011 #
b001 5
b11001010111101101000011110101010 8
#393000
b00000000000000000000000100001100 #
b00000000000000000000000001111101 $
b11110110110101001101001000101111 %
b00111100001010100100101001011001 &
b00110010111111110001110010001000 '
b10111010101010101000011111010110 (
1)
b11110110110101001101001000101111 3
#394000
b11110110110101001101001000101111 /
b00111100001010100100101001011001 0
11
b000 5
b00110010111111110001110010001000 6
b10111010101010101000011111010110 7
b00110010111111110001110010001000 8
19
0=
b0010 >
#395000
b00000000000000000000000100001101 #
b001 5
b10111010101010101000011111010110 8
09
1=
b0100 >
#396000
b00000000000000000000000100001110 #
b00000000000000000000000001111110 $
b00010111100100110101100111000010 %
b11011101011011011100000110110100 &
b11110101000000010001101101110110 '
b00111010001001011001100000001110 (
0)
1+
0.
b00010111100100110101100111000010 3
#397000
b00010111100100110101100111000010 /
b11011101011011011100000110110100 0
01
12
b000 5
b11110101000000010001101101110110 6
b00111010001001011001100000001110 7
b11110101000000010001101101110110 8
#398000
b00000000000000000000000100001111 #
b001 5
b00111010001001011001100000001110 8
19
0=
b0010 >
#399000
b00000000000000000000000100010000 #
b00000000000000000000000001111111 $
b11101000100111111100111000111001 %
b00100010011000010101011001001111 &
b00001011000000010010010010001000 '
b11000110001111100111011111101010 (
1)
0+
1.
b11101000100111111100111000111001 3
#400000
b11101000100111111100111000111001 /
b00100010011000010101011001001111 0
11
02
b000 5
b00001011000000010010010010001000 6
b11000110001111100111011111101010 7
b00001011000000010010010010001000 8
#401000
b00000000000000000000000100010001 #
b001 5
b11000110001111100111011111101010 8
09
1=
b0100 >
#402000
b00000000000000000000000100010010 #
b00000000000000000000000010000000 $
b11011100010010000010001001000100 %
b00010110101101101011101000110010 &
b11110010111111101101110001110110 '
b11000101100100010110100000010010 (
0)
b11011100010010000010001001000100 3
#403000
b11011100010010000010001001000100 /
b00010110101101101011101000110010 0
01
b000 5
b11110010111111101101110001110110 6
b11000101100100010110100000010010 7
b11110010111111101101110001110110 8
#404000
b00000000000000000000000100010011 #
b001 5
b11000101100100010110100000010010 8
#405000
b00000000000000000000000100010100 #
b00000000000000000000000010000001 $
b10000010011000111100100011010011 %
b01001000100111010101000010100101 &
b11001011000000010001100101111000 '
b00111001110001100111100000101110 (
1,
b10000010011000111100100011010011 3
#406000
b10000010011000111100100011010011 /
b01001000100111010101000010100101 0
b000 5
b11001011000000010001100101111000 6
b00111001110001100111100000101110 7
b11001011000000010001100101111000 8
1@
#407000
b00000000000000000000000100010101 #
b001 5
b00111001110001100111100000101110 8
1:
0=
b0001 >
#408000
b00000000000000000000000100010110 #
b00000000000000000000000010000010 $
b00111010000111110011100000010110 %
b11110000111000011010000001100000 &
b00101011000000001101100001110110 '
b01001001001111011001011110110110 (
1)
1+
0,
0.
b00111010000111110011100000010110 3
#409000
b00111010000111110011100000010110 /
b11110000111000011010000001100000 0
11
12
b000 5
b00101011000000001101100001110110 6
b01001001001111011001011110110110 7
b00101011000000001101100001110110 8
19
0:
b0010 >
0@
#410000
b00000000000000000000000100010111 #
b001 5
b01001001001111011001011110110110 8
#411000
b00000000000000000000000100011000 #
b00000000000000000000000010000011 $
b00011010100000111001000001111101 %
b11010000011111010000100000001011 &
b11101011000000001001100010001000 '
b01001010000001101000100001110010 (
0)
b00011010100000111001000001111101 3
#412000
b00011010100000111001000001111101 /
b11010000011111010000100000001011 0
01
b000 5
b11101011000000001001100010001000 6
b01001010000001101000100001110010 7
b11101011000000001001100010001000 8
09
1=
b0100 >
#413000
b00000000000000000000000100011001 #
b001 5
b01001010000001101000100001110010 8
19
0=
b0010 >
#414000
b00000000000000000000000100011010 #
b00000000000000000000000010000100 $
b00011100111001000001011110111000 %
b11010110000110101000111111001110 &
b11110010111111101010011110000110 '
b01000110110010011000011111101010 (
b00011100111001000001011110111000 3
#415000
b00011100111001000001011110111000 /
b11010110000110101000111111001110 0
b000 5
b11110010111111101010011110000110 6
b01000110110010011000011111101010 7
b11110010111111101010011110000110 8
09
1=
b0100 >
#416000
b00000000000000000000000100011011 #
b001 5
b01000110110010011000011111101010 8
19
0=
b0010 >
#417000
b00000000000000000000000100011100 #
b00000000000000000000000010000101 $
b11100110011011110111011110110111 %
b00101100100100011110111111000001 &
b00010011000000010110011101111000 '
b10111001110111011000011111110110 (
1)
0+
1.
b11100110011011110111011110110111 3
#418000
b11100110011011110111011110110111 /
b00101100100100011110111111000001 0
11
02
b000 5
b00010011000000010110011101111000 6
b10111001110111011000011111110110 7
b00010011000000010110011101111000 8
#419000
b00000000000000000000000100011101 #
b001 5
b10111001110111011000011111110110 8
09
1=
b0100 >
#420000
b00000000000000000000000100011110 #
b00000000000000000000000010000110 $
b00001010101010011111000110101010 %
b11000000010101110110100111011100 &
b11001011000000010101101110000110 '
b01001010010100101000011111001110 (
0)
1+
0.
b00001010101010011111000110101010 3
#421000
b00001010101010011111000110101010 /
b11000000010101110110100111011100 0
01
12
b000 5
b11001011000000010101101110000110 6
b01001010010100101000011111001110 7
b11001011000000010101101110000110 8
#422000
b00000000000000000000000100011111 #
b001 5
b01001010010100101000011111001110 8
19
0=
b0010 >
#423000
b00000000000000000000000100100000 #
b00000000000000000000000010000111 $
b00010110111100111111010100000001 %
b11011100000011010110110101110111 &
b11110011000000010110001001111000 '
b00111010111001101000011110001010 (
b00010110111100111111010100000001 3
#424000
b00010110111100111111010100000001 /
b11011100000011010110110101110111 0
b000 5
b11110011000000010110001001111000 6
b00111010111001101000011110001010 7
b11110011000000010110001001111000 8
09
1=
b0100 >
#425000
b00000000000000000000000100100001 #
b001 5
b00111010111001101000011110001010 8
19
0=
b0010 >
#426000
b00000000000000000000000100100010 #
b00000000000000000000000010001000 $
b10000111100010011100101001101100 %
b01001101011101110101001000011010 &
b11010101000000010001110010000110 '
b00111010000100100111100001010010 (
0+
1,
1.
b10000111100010011100101001101100 3
#427000
b10000111100010011100101001101100 /
b01001101011101110101001000011010 0
02
b000 5
b11010101000000010001110010000110 6
b00111010000100100111100001010010 7
b11010101000000010001110010000110 8
09
1=
b0100 >
1@
#428000
b00000000000000000000000100100011 #
b001 5
b00111010000100100111100001010010 8
1:
0=
b0001 >
#429000
b00000000000000000000000100100100 #
b00000000000000000000000010001001 $
b11001001101000010100001011011011 %
b00000011010111111101101010101101 &
b11001101000000010001110110001000 '
b11000110010000010110100000101110 (
0,
b11001001101000010100001011011011 3
#430000
b11001001101000010100001011011011 /
b00000011010111111101101010101101 0
b000 5
b11001101000000010001110110001000 6
b11000110010000010110100000101110 7
b11001101000000010001110110001000 8
0:
1=
b0100 >
0@
#431000
b00000000000000000000000100100101 #
b001 5
b11000110010000010110100000101110 8
#432000
b00000000000000000000000100100110 #
b00000000000000000000000010001010 $
b01000001101001011001101001111110 %
b10001011010110110000001000001000 &
b11001101000000001001110010000110 '
b10110110010010101001100001110110 (
1+
1,
0.
b01000001101001011001101001111110 3
#433000
b01000001101001011001101001111110 /
b10001011010110110000001000001000 0
12
b000 5
b11001101000000001001110010000110 6
b10110110010010101001100001110110 7
b11001101000000001001110010000110 8
1@
#434000
b00000000000000000000000100100111 #
b001 5
b10110110010010101001100001110110 8
19
1:
b0111 >
#435000
b00000000000000000000000100101000 #
b00000000000000000000000010001011 $
b10100011101100111111111111000101 %
b01101001010011010110011110110011 &
b00001101000000010110011101111000 '
b00111010011001101001100000010010 (
1)
0+
1.
b10100011101100111111111111000101 3
#436000
b10100011101100111111111111000101 /
b01101001010011010110011110110011 0
11
02
b000 5
b00001101000000010110011101111000 6
b00111010011001101001100000010010 7
b00001101000000010110011101111000 8
0:
0=
b0010 >
#437000
b00000000000000000000000100101001 #
b001 5
b00111010011001101001100000010010 8
09
1:
b0001 >
#438000
b00000000000000000000000100101010 #
b00000000000000000000000010001100 $
b00111110101110000110111001100000 %
b11110100010001101111011000010110 &
b00110010111111110110010001110110 '
b01001010011100010111100001001010 (
1+
0,
0.
b00111110101110000110111001100000 3
#439000
b00111110101110000110111001100000 /
b11110100010001101111011000010110 0
12
b000 5
b00110010111111110110010001110110 6
b01001010011100010111100001001010 7
b00110010111111110110010001110110 8
19
0:
b0010 >
0@
#440000
b00000000000000000000000100101011 #
b001 5
b01001010011100010111100001001010 8
#441000
b00000000000000000000000100101100 #
b00000000000000000000000010001101 $
b10101111001001101100111000111111 %
b01100101110110000101011001001001 &
b00010100111111110010010010001000 '
b01001001010011100111011111110110 (
0+
1,
1.
b10101111001001101100111000111111 3
#442000
b10101111001001101100111000111111 /
b01100101110110000101011001001001 0
02
b000 5
b00010100111111110010010010001000 6
b01001001010011100111011111110110 7
b00010100111111110010010010001000 8
1@
#443000
b00000000000000000000000100101101 #
b001 5
b01001001010011100111011111110110 8
09
1:
b0001 >
#444000
b00000000000000000000000100101110 #
b00000000000000000000000010001110 $
b10111011101110111000011010010010 %
b01110001010001010001111011100100 &
b00101101000000001010010101110110 '
b01001010011101100110011110101110 (
b10111011101110111000011010010010 3
#445000
b10111011101110111000011010010010 /
b01110001010001010001111011100100 0
b000 5
b00101101000000001010010101110110 6
b01001010011101100110011110101110 7
b00101101000000001010010101110110 8
19
0:
b0010 >
#446000
b00000000000000000000000100101111 #
b001 5
b01001010011101100110011110101110 8
09
1:
b0001 >
#447000
b00000000000000000000000100110000 #
b00000000000000000000000010001111 $
b10100000110101001111010011001001 %
b01101010001010100110110010111111 &
b00001010111111110110000110001000 '
b00110110101010101000100000001010 (
b10100000110101001111010011001001 3
#448000
b10100000110101001111010011001001 /
b01101010001010100110110010111111 0
b000 5
b00001010111111110110000110001000 6
b00110110101010101000100000001010 7
b00001010111111110110000110001000 8
19
0:
b0010 >
#449000
b00000000000000000000000100110001 #
b001 5
b00110110101010101000100000001010 8
09
1:
b0001 >
#450000
b00000000000000000000000100110010 #
b00000000000000000000000010010000 $
b00101000011010000111011110010100 %
b11100010100101101110111111100010 &
b00001010111111110110011101110110 '
b01000101110100011000011110110010 (
1+
0,
0.
b00101000011010000111011110010100 3
#451000
b00101000011010000111011110010100 /
b11100010100101101110111111100010 0
12
b000 5
b00001010111111110110011101110110 6
b01000101110100011000011110110010 7
b00001010111111110110011101110110 8
19
0:
b0010 >
0@
#452000
b00000000000000000000000100110011 #
b001 5
b01000101110100011000011110110010 8
#453000
b00000000000000000000000100110100 #
b00000000000000000000000010010001 $
b10010110110101011111110111100011 %
b01011100001010110110010110010101 &
b11110011000000010110001101111000 '
b00111010101010101001100001001110 (
0)
0+
1,
1.
b10010110110101011111110111100011 3
#454000
b10010110110101011111110111100011 /
b01011100001010110110010110010101 0
01
02
b000 5
b11110011000000010110001101111000 6
b00111010101010101001100001001110 7
b11110011000000010110001101111000 8
09
1=
b0100 >
1@
#455000
b00000000000000000000000100110101 #
b001 5
b00111010101010101001100001001110 8
1:
0=
b0001 >
#456000
b00000000000000000000000100110110 #
b00000000000000000000000010010010 $
b11110011101000000100100111100110 %
b00111001010111101101000110010000 &
b00101100111111110001101101110110 '
b10111010010000010111100001010110 (
1)
0,
b11110011101000000100100111100110 3
#457000
b11110011101000000100100111100110 /
b00111001010111101101000110010000 0
11
b000 5
b00101100111111110001101101110110 6
b10111010010000010111100001010110 7
b00101100111111110001101101110110 8
19
0:
b0010 >
0@
#458000
b00000000000000000000000100110111 #
b001 5
b10111010010000010111100001010110 8
09
1=
b0100 >
#459000
b00000000000000000000000100111000 #
b00000000000000000000000010010011 $
b10110000011110100101100000001101 %
b01111010100001001100000001111011 &
b00101010111111110001100010001000 '
b00110101111101011001011110010010 (
1,
b10110000011110100101100000001101 3
#460000
b10110000011110100101100000001101 /
b01111010100001001100000001111011 0
b000 5
b00101010111111110001100010001000 6
b00110101111101011001011110010010 7
b00101010111111110001100010001000 8
19
0=
b0010 >
1@
#461000
b00000000000000000000000100111001 #
b001 5
b00110101111101011001011110010010 8
09
1:
b0001 >
#462000
b00000000000000000000000100111010 #
b00000000000000000000000010010100 $
b10001010111111111001101000001000 %
b01000000000000010000001001111110 &
b11001011000000001001110010000110 '
b01001010111111101001011110001010 (
0)
b10001010111111111001101000001000 3
#463000
b10001010111111111001101000001000 /
b01000000000000010000001001111110 0
01
b000 5
b11001011000000001001110010000110 6
b01001010111111101001011110001010 7
b11001011000000001001110010000110 8
0:
1=
b0100 >
#464000
b00000000000000000000000100111011 #
b001 5
b01001010111111101001011110001010 8
1:
0=
b0001 >
#465000
b00000000000000000000000100111100 #
b00000000000000000000000010010101 $
b00101101100100001111010111000111 %
b11100111011011100110110110110001 &
b00010100111111110110001101111000 '
b01000110001000101000100000010110 (
1)
1+
0,
0.
b00101101100100001111010111000111 3
#466000
b00101101100100001111010111000111 /
b11100111011011100110110110110001 0
11
12
b000 5
b00010100111111110110001101111000 6
b01000110001000101000100000010110 7
b00010100111111110110001101111000 8
19
0:
b0010 >
0@
#467000
b00000000000000000000000100111101 #
b001 5
b01000110001000101000100000010110 8
#468000
b00000000000000000000000100111110 #
b00000000000000000000000010010110 $
b01001111001001111011100001111010 %
b10000101110110010010000000001100 &
b11010101000000001101100010000110 '
b11001001010011101001100001101110 (
0)
1,
b01001111001001111011100001111010 3
#469000
b01001111001001111011100001111010 /
b10000101110110010010000000001100 0
01
b000 5
b11010101000000001101100010000110 6
b11001001010011101001100001101110 7
b11010101000000001101100010000110 8
09
1=
b0100 >
1@
#470000
b00000000000000000000000100111111 #
b001 5
b11001001010011101001100001101110 8
19
1:
b0111 >
#471000
b00000000000000000000000101000000 #
b00000000000000000000000010010111 $
b00011000110111011110110110010001 %
b11010010001000110111010111100111 &
b11101011000000010110001101111000 '
b01000110101110100111011110101010 (
0,
b00011000110111011110110110010001 3
#472000
b00011000110111011110110110010001 /
b11010010001000110111010111100111 0
b000 5
b11101011000000010110001101111000 6
b01000110101110100111011110101010 7
b11101011000000010110001101111000 8
09
0:
b0100 >
0@
#473000
b00000000000000000000000101000001 #
b001 5
b01000110101110100111011110101010 8
19
0=
b0010 >
#474000
b00000000000000000000000101000010 #
b00000000000000000000000010011000 $
b00011111100001001100100110111100 %
b11010101011110100101000111001010 &
b11110100111111110001101110000110 '
b01001010000010100111011111110010 (
b00011111100001001100100110111100 3
#475000
b00011111100001001100100110111100 /
b11010101011110100101000111001010 0
b000 5
b11110100111111110001101110000110 6
b01001010000010100111011111110010 7
b11110100111111110001101110000110 8
09
1=
b0100 >
#476000
b00000000000000000000000101000011 #
b001 5
b01001010000010100111011111110010 8
19
0=
b0010 >
#477000
b00000000000000000000000101000100 #
b00000000000000000000000010011001 $
b01110001111010100001100111101011 %
b10111011000101001000000110011101 &
b00101100111111101001101110001000 '
b10110110110101011001100001001110 (
1)
1,
b01110001111010100001100111101011 3
#478000
b01110001111010100001100111101011 /
b10111011000101001000000110011101 0
11
b000 5
b00101100111111101001101110001000 6
b10110110110101011001100001001110 7
b00101100111111101001101110001000 8
1@
#479000
b00000000000000000000000101000101 #
b001 5
b10110110110101011001100001001110 8
1:
1=
b0111 >
#480000
b00000000000000000000000101000110 #
b00000000000000000000000010011010 $
b11010011100110001110011001001110 %
b00011001011001100111111000111000 &
b11101100111111110110010010000110 '
b10111010001100100110100000010110 (
0)
0+
0,
1.
b11010011100110001110011001001110 3
#481000
b11010011100110001110011001001110 /
b00011001011001100111111000111000 0
01
02
b000 5
b11101100111111110110010010000110 6
b10111010001100100110100000010110 7
b11101100111111110110010010000110 8
09
0:
b0100 >
0@
#482000
b00000000000000000000000101000111 #
b001 5
b10111010001100100110100000010110 8
#483000
b00000000000000000000000101001000 #
b00000000000000000000000010011011 $
b01100100100100111011100101010101 %
b10101110011011010010000100100011 &
b00010011000000001101101001111000 '
b10110110001001101001100000110010 (
1)
1+
1,
0.
b01100100100100111011100101010101 3
#484000
b01100100100100111011100101010101 /
b10101110011011010010000100100011 0
11
12
b000 5
b00010011000000001101101001111000 6
b10110110001001101001100000110010 7
b00010011000000001101101001111000 8
19
0=
b0010 >
1@
#485000
b00000000000000000000000101001001 #
b001 5
b10110110001001101001100000110010 8
1:
1=
b0111 >
#486000
b00000000000000000000000101001010 #
b00000000000000000000000010011100 $
b01001101000101000011101010110000 %
b10000111111010101010001011000110 &
b11010100111111101101110101110110 '
b11000101001010011001011111101010 (
0)
b01001101000101000011101010110000 3
#487000
b01001101000101000011101010110000 /
b10000111111010101010001011000110 0
01
b000 5
b11010100111111101101110101110110 6
b11000101001010011001011111101010 7
b11010100111111101101110101110110 8
09
0:
b0100 >
#488000
b00000000000000000000000101001011 #
b001 5
b11000101001010011001011111101010 8
19
1:
b0111 >
#489000
b00000000000000000000000101001100 #
b00000000000000000000000010011101 $
b11110001000010000000111001001111 %
b00111011111101101001011000111001 &
b00101100111111101010010010001000 '
b10110101000100010111100000010110 (
1)
0+
0,
1.
b11110001000010000000111001001111 3
#490000
b11110001000010000000111001001111 /
b00111011111101101001011000111001 0
11
02
b000 5
b00101100111111101010010010001000 6
b10110101000100010111100000010110 7
b00101100111111101010010010001000 8
0:
0=
b0010 >
0@
#491000
b00000000000000000000000101001101 #
b001 5
b10110101000100010111100000010110 8
09
1=
b0100 >
#492000
b00000000000000000000000101001110 #
b00000000000000000000000010011110 $
b00010101010000100010011101100010 %
b11011111101111001011111100010100 &
b11110100111111101110011001110110 '
b00110101100001010110100001001110 (
0)
1+
0.
b00010101010000100010011101100010 3
#493000
b00010101010000100010011101100010 /
b11011111101111001011111100010100 0
01
12
b000 5
b11110100111111101110011001110110 6
b00110101100001010110100001001110 7
b11110100111111101110011001110110 8
#494000
b00000000000000000000000101001111 #
b001 5
b00110101100001010110100001001110 8
19
0=
b0010 >
#495000
b00000000000000000000000101010000 #
b00000000000000000000000010011111 $
b10000101000011011111111101011001 %
b01001111111100110110011100101111 &
b11010101000000010110011010001000 '
b00110101000110101001100000101010 (
0+
1,
1.
b10000101000011011111111101011001 3
#496000
b10000101000011011111111101011001 /
b01001111111100110110011100101111 0
02
b000 5
b11010101000000010110011010001000 6
b00110101000110101001100000101010 7
b11010101000000010110011010001000 8
09
1=
b0100 >
1@
#497000
b00000000000000000000000101010001 #
b001 5
b00110101000110101001100000101010 8
1:
0=
b0001 >
#498000
b00000000000000000000000101010010 #
b00000000000000000000000010100000 $
b10000001100100110110000011100100 %
b01001011011011011111100010010010 &
b11001101000000010101100101110110 '
b00110110001001010110100001010010 (
b10000001100100110110000011100100 3
#499000
b10000001100100110110000011100100 /
b01001011011011011111100010010010 0
b000 5
b11001101000000010101100101110110 6
b00110110001001010110100001010010 7
b11001101000000010101100101110110 8
0:
1=
b0100 >
#500000
b00000000000000000000000101010011 #
b001 5
b00110110001001010110100001010010 8
1:
0=
b0001 >
#501000
b00000000000000000000000101010100 #
b00000000000000000000000010100001 $
b11111111110010011011011011110011 %
b00110101001101110010111010000101 &
b00110101000000001110010101111000 '
b11001010100100101000100001101110 (
1)
0,
b11111111110010011011011011110011 3
#502000
b11111111110010011011011011110011 /
b00110101001101110010111010000101 0
11
b000 5
b00110101000000001110010101111000 6
b11001010100100101000100001101110 7
b00110101000000001110010101111000 8
19
0:
b0010 >
0@
#503000
b00000000000000000000000101010101 #
b001 5
b11001010100100101000100001101110 8
09
1=
b0100 >
#504000
b00000000000000000000000101010110 #
b00000000000000000000000010100010 $
b01110110010011010000111110110110 %
b10111100101100111001011111000000 &
b00110011000000001010011101110110 '
b10111001100110010111011111110110 (
1+
1,
0.
b01110110010011010000111110110110 3
#505000
b01110110010011010000111110110110 /
b10111100101100111001011111000000 0
12
b000 5
b00110011000000001010011101110110 6
b10111001100110010111011111110110 7
b00110011000000001010011101110110 8
19
0=
b0010 >
1@
#506000
b00000000000000000000000101010111 #
b001 5
b10111001100110010111011111110110 8
1:
1=
b0111 >
#507000
b00000000000000000000000101011000 #
b00000000000000000000000010100011 $
b01111011011000010100001110011101 %
b10110001100111111101101111101011 &
b00101101000000010001111110001000 '
b11001001110000010110011110110010 (
b01111011011000010100001110011101 3
#508000
b01111011011000010100001110011101 /
b10110001100111111101101111101011 0
b000 5
b00101101000000010001111110001000 6
b11001001110000010110011110110010 7
b00101101000000010001111110001000 8
0:
0=
b0010 >
#509000
b00000000000000000000000101011001 #
b001 5
b11001001110000010110011110110010 8
1:
1=
b0111 >
#510000
b00000000000000000000000101011010 #
b00000000000000000000000010100100 $
b11011011101001001111000001011000 %
b00010001010110100110100000101110 &
b11101100111111110101100010000110 '
b11001010010010101000100000101010 (
0)
0+
0,
1.
b11011011101001001111000001011000 3
#511000
b11011011101001001111000001011000 /
b00010001010110100110100000101110 0
01
02
b000 5
b11101100111111110101100010000110 6
b11001010010010101000100000101010 7
b11101100111111110101100010000110 8
09
0:
b0100 >
0@
#512000
b00000000000000000000000101011011 #
b001 5
b11001010010010101000100000101010 8
#513000
b00000000000000000000000101011100 #
b00000000000000000000000010100101 $
b10010100001010100011011111010111 %
b01011110110101001010111110100001 &
b11110010111111101110011101111000 '
b00110101010101011000100000110110 (
1,
b10010100001010100011011111010111 3
#514000
b10010100001010100011011111010111 /
b01011110110101001010111110100001 0
b000 5
b11110010111111101110011101111000 6
b00110101010101011000100000110110 7
b11110010111111101110011101111000 8
1@
#515000
b00000000000000000000000101011101 #
b001 5
b00110101010101011000100000110110 8
1:
0=
b0001 >
#516000
b00000000000000000000000101011110 #
b00000000000000000000000010100110 $
b00001000110100100111001101001010 %
b11000010001011001110101100111100 &
b11001010111111110101111010000110 '
b01000110101001011000100000001110 (
1+
0,
0.
b00001000110100100111001101001010 3
#517000
b00001000110100100111001101001010 /
b11000010001011001110101100111100 0
12
b000 5
b11001010111111110101111010000110 6
b01000110101001011000100000001110 7
b11001010111111110101111010000110 8
0:
1=
b0100 >
0@
#518000
b00000000000000000000000101011111 #
b001 5
b01000110101001011000100000001110 8
19
0=
b0010 >
#519000
b00000000000000000000000101100000 #
b00000000000000000000000010100111 $
b11001011010010000100101000100001 %
b00000001101101101101001001010111 &
b11001100111111110001110001111000 '
b11001001100100010111011111001010 (
0+
1.
b11001011010010000100101000100001 3
#520000
b11001011010010000100101000100001 /
b00000001101101101101001001010111 0
02
b000 5
b11001100111111110001110001111000 6
b11001001100100010111011111001010 7
b11001100111111110001110001111000 8
09
1=
b0100 >
#521000
b00000000000000000000000101100001 #
b001 5
b11001001100100010111011111001010 8
#522000
b00000000000000000000000101100010 #
b00000000000000000000000010101000 $
b10011001110111001101110100001100 %
b01010011001000100100010101111010 &
b11101100111111110010001010000110 '
b01000110101110101001011110010010 (
1,
b10011001110111001101110100001100 3
#523000
b10011001110111001101110100001100 /
b01010011001000100100010101111010 0
b000 5
b11101100111111110010001010000110 6
b01000110101110101001011110010010 7
b11101100111111110010001010000110 8
1@
#524000
b00000000000000000000000101100011 #
b001 5
b01000110101110101001011110010010 8
1:
0=
b0001 >
#525000
b00000000000000000000000101100100 #
b00000000000000000000000010101001 $
b10100010111001001111010011111011 %
b01101000000110100110110010001101 &
b00001010111111110110000110001000 '
b00111010110010101000100001101110 (
1)
b10100010111001001111010011111011 3
#526000
b10100010111001001111010011111011 /
b01101000000110100110110010001101 0
11
b000 5
b00001010111111110110000110001000 6
b00111010110010101000100001101110 7
b00001010111111110110000110001000 8
19
0:
b0010 >
#527000
b00000000000000000000000101100101 #
b001 5
b00111010110010101000100001101110 8
09
1:
b0001 >
#528000
b00000000000000000000000101100110 #
b00000000000000000000000010101010 $
b10101000001011100110011000011110 %
b01100010110100001111111001101000 &
b00001010111111110110010010000110 '
b01000101010111010110011110110110 (
b10101000001011100110011000011110 3
#529000
b10101000001011100110011000011110 /
b01100010110100001111111001101000 0
b000 5
b00001010111111110110010010000110 6
b01000101010111010110011110110110 7
b00001010111111110110010010000110 8
19
0:
b0010 >
#530000
b00000000000000000000000101100111 #
b001 5
b01000101010111010110011110110110 8
09
1:
b0001 >
#531000
b00000000000000000000000101101000 #
b00000000000000000000000010101011 $
b00111100011010000001011011100101 %
b11110110100101101000111010010011 &
b00110010111111101010010101111000 '
b01000101110100011000100001010010 (
1+
0,
0.
b00111100011010000001011011100101 3
#532000
b00111100011010000001011011100101 /
b11110110100101101000111010010011 0
12
b000 5
b00110010111111101010010101111000 6
b01000101110100011000100001010010 7
b00110010111111101010010101111000 8
19
0:
b0010 >
0@
#533000
b00000000000000000000000101101001 #
b001 5
b01000101110100011000100001010010 8
#534000
b00000000000000000000000101101010 #
b00000000000000000000000010101100 $
b00000011001101000101101100000000 %
b11001001110010101100001101110110 &
b11001100111111110001111001110110 '
b00111001011010011001011110001010 (
0)
b00000011001101000101101100000000 3
#535000
b00000011001101000101101100000000 /
b11001001110010101100001101110110 0
01
b000 5
b11001100111111110001111001110110 6
b00111001011010011001011110001010 7
b11001100111111110001111001110110 8
09
1=
b0100 >
#536000
b00000000000000000000000101101011 #
b001 5
b00111001011010011001011110001010 8
19
0=
b0010 >
#537000
b00000000000000000000000101101100 #
b00000000000000000000000010101101 $
b00100101010110011001001001011111 %
b11101111101001110000101000101001 &
b00010101000000001001110010001000 '
b00110101101100101000100000110110 (
1)
b00100101010110011001001001011111 3
#538000
b00100101010110011001001001011111 /
b11101111101001110000101000101001 0
11
b000 5
b00010101000000001001110010001000 6
b00110101101100101000100000110110 7
b00010101000000001001110010001000 8
#539000
b00000000000000000000000101101101 #
b001 5
b00110101101100101000100000110110 8
#540000
b00000000000000000000000101101110 #
b00000000000000000000000010101110 $
b00011101100101000011110000110010 %
b11010111011010101010010001000100 &
b11110100111111101110000001110110 '
b01000110001010011001011111101110 (
0)
b00011101100101000011110000110010 3
#541000
b00011101100101000011110000110010 /
b11010111011010101010010001000100 0
01
b000 5
b11110100111111101110000001110110 6
b01000110001010011001011111101110 7
b11110100111111101110000001110110 8
09
1=
b0100 >
#542000
b00000000000000000000000101101111 #
b001 5
b01000110001010011001011111101110 8
19
0=
b0010 >
#543000
b00000000000000000000000101110000 #
b00000000000000000000000010101111 $
b10101101110100111110110111101001 %
b01100111001011010111010110011111 &
b00010101000000010110001110001000 '
b01000110101001100111100001001010 (
1)
0+
1,
1.
b10101101110100111110110111101001 3
#544000
b10101101110100111110110111101001 /
b01100111001011010111010110011111 0
11
02
b000 5
b00010101000000010110001110001000 6
b01000110101001100111100001001010 7
b00010101000000010110001110001000 8
1@
#545000
b00000000000000000000000101110001 #
b001 5
b01000110101001100111100001001010 8
09
1:
b0001 >
#546000
b00000000000000000000000101110010 #
b00000000000000000000000010110000 $
b10111100101111011101111000110100 %
b01110110010000110100011001000010 &
b00110011000000010010010001110110 '
b01000110011110101001011111110010 (
b10111100101111011101111000110100 3
#547000
b10111100101111011101111000110100 /
b01110110010000110100011001000010 0
b000 5
b00110011000000010010010001110110 6
b01000110011110101001011111110010 7
b00110011000000010010010001110110 8
19
0:
b0010 >
#548000
b00000000000000000000000101110011 #
b001 5
b01000110011110101001011111110010 8
09
1:
b0001 >
#549000
b00000000000000000000000101110100 #
b00000000000000000000000010110001 $
b00101011101011111111010000000011 %
b11100001010100010110110001110101 &
b00001101000000010110000001111000 '
b01001010010111101000011110001110 (
1+
0,
0.
b00101011101011111111010000000011 3
#550000
b00101011101011111111010000000011 /
b11100001010100010110110001110101 0
12
b000 5
b00001101000000010110000001111000 6
b01001010010111101000011110001110 7
b00001101000000010110000001111000 8
19
0:
b0010 >
0@
#551000
b00000000000000000000000101110101 #
b001 5
b01001010010111101000011110001110 8
#552000
b00000000000000000000000101110110 #
b00000000000000000000000010110010 $
b01100011111000101000100110000110 %
b10101001000111000001000111110000 &
b00001100111111101001101101110110 '
b10111010110001100111011110010110 (
1,
b01100011111000101000100110000110 3
#553000
b01100011111000101000100110000110 /
b10101001000111000001000111110000 0
b000 5
b00001100111111101001101101110110 6
b10111010110001100111011110010110 7
b00001100111111101001101101110110 8
1@
#554000
b00000000000000000000000101110111 #
b001 5
b10111010110001100111011110010110 8
1:
1=
b0111 >
#555000
b00000000000000000000000101111000 #
b00000000000000000000000010110011 $
b11111111110100010101001100101101 %
b00110101001011111100101101011011 &
b00110101000000010001111010001000 '
b11001010101000011000011111010010 (
0+
0,
1.
b11111111110100010101001100101101 3
#556000
b11111111110100010101001100101101 /
b00110101001011111100101101011011 0
02
b000 5
b00110101000000010001111010001000 6
b11001010101000011000011111010010 7
b00110101000000010001111010001000 8
0:
0=
b0010 >
0@
#557000
b00000000000000000000000101111001 #
b001 5
b11001010101000011000011111010010 8
09
1=
b0100 >
#558000
b00000000000000000000000101111010 #
b00000000000000000000000010110100 $
b11000000100110010001101010101000 %
b00001010011001111000001011011110 &
b11001011000000001001110110000110 '
b10110110001100011001011111001010 (
0)
b11000000100110010001101010101000 3
#559000
b11000000100110010001101010101000 /
b00001010011001111000001011011110 0
01
b000 5
b11001011000000001001110110000110 6
b10110110001100011001011111001010 7
b11001011000000001001110110000110 8
#560000
b00000000000000000000000101111011 #
b001 5
b10110110001100011001011111001010 8
#561000
b00000000000000000000000101111100 #
b00000000000000000000000010110101 $
b10011111001111000011110111100111 %
b01010101110000101010010110010001 &
b11110100111111101110001101111000 '
b01001001011110011001100001010110 (
1,
b10011111001111000011110111100111 3
#562000
b10011111001111000011110111100111 /
b01010101110000101010010110010001 0
b000 5
b11110100111111101110001101111000 6
b01001001011110011001100001010110 7
b11110100111111101110001101111000 8
1@
#563000
b00000000000000000000000101111101 #
b001 5
b01001001011110011001100001010110 8
1:
0=
b0001 >
#564000
b00000000000000000000000101111110 #
b00000000000000000000000010110110 $
b01011110101101110010001000011010 %
b10010100010010011011101001101100 &
b11110011000000001101110010000110 '
b11001010011011010110011110101110 (
1+
0.
b01011110101101110010001000011010 3
#565000
b01011110101101110010001000011010 /
b10010100010010011011101001101100 0
12
b000 5
b11110011000000001101110010000110 6
b11001010011011010110011110101110 7
b11110011000000001101110010000110 8
0:
1=
b0100 >
#566000
b00000000000000000000000101111111 #
b001 5
b11001010011011010110011110101110 8
19
1:
b0111 >
#567000
b00000000000000000000000110000000 #
b00000000000000000000000010110111 $
b01010111110111000000101010110001 %
b10011101001000101001001011000111 &
b11110100111111101001110101111000 '
b10111010101110010111011111101010 (
b01010111110111000000101010110001 3
#568000
b01010111110111000000101010110001 /
b10011101001000101001001011000111 0
b000 5
b11110100111111101001110101111000 6
b10111010101110010111011111101010 7
b11110100111111101001110101111000 8
09
0:
b0100 >
#569000
b00000000000000000000000110000001 #
b001 5
b10111010101110010111011111101010 8
19
1:
b0111 >
#570000
b00000000000000000000000110000010 #
b00000000000000000000000010111000 $
b01101010001001110000010001011100 %
b10100000110110011001110000101010 &
b00001011000000001010000010000110 '
b11001001010011010110100000110010 (
1)
b01101010001001110000010001011100 3
#571000
b01101010001001110000010001011100 /
b10100000110110011001110000101010 0
11
b000 5
b00001011000000001010000010000110 6
b11001001010011010110100000110010 7
b00001011000000001010000010000110 8
0:
0=
b0010 >
#572000
b00000000000000000000000110000011 #
b001 5
b11001001010011010110100000110010 8
1:
1=
b0111 >
#573000
b00000000000000000000000110000100 #
b00000000000000000000000010111001 $
b10011001001000101101010000001011 %
b01010011110111000100110001111101 &
b11101100111111110010000010001000 '
b01000101010001101000011110001110 (
0)
0+
1.
b10011001001000101101010000001011 3
#574000
b10011001001000101101010000001011 /
b01010011110111000100110001111101 0
01
02
b000 5
b11101100111111110010000010001000 6
b01000101010001101000011110001110 7
b11101100111111110010000010001000 8
09
0:
b0100 >
#575000
b00000000000000000000000110000101 #
b001 5
b01000101010001101000011110001110 8
1:
0=
b0001 >
#576000
b00000000000000000000000110000110 #
b00000000000000000000000010111010 $
b10011000110000110001100111101110 %
b01010010001111011000000110011000 &
b11101011000000001001101110000110 '
b01000110100001011001100001010110 (
b10011000110000110001100111101110 3
#577000
b10011000110000110001100111101110 /
b01010010001111011000000110011000 0
b000 5
b11101011000000001001101110000110 6
b01000110100001011001100001010110 7
b11101011000000001001101110000110 8
0:
1=
b0100 >
#578000
b00000000000000000000000110000111 #
b001 5
b01000110100001011001100001010110 8
1:
0=
b0001 >
#579000
b00000000000000000000000110001000 #
b00000000000000000000000010111011 $
b01000010111010100001100001110101 %
b10001000000101001000000000000011 &
b11001010111111101001100001111000 '
b10111010110101011001100001110010 (
1+
0.
b01000010111010100001100001110101 3
#580000
b01000010111010100001100001110101 /
b10001000000101001000000000000011 0
12
b000 5
b11001010111111101001100001111000 6
b10111010110101011001100001110010 7
b11001010111111101001100001111000 8
0:
1=
b0100 >
#581000
b00000000000000000000000110001001 #
b001 5
b10111010110101011001100001110010 8
19
1:
b0111 >
#582000
b00000000000000000000000110001010 #
b00000000000000000000000010111100 $
b01001011011111011100111101010000 %
b10000001100000110101011100100110 &
b11001101000000010010011001110110 '
b11001001111110100111100000101010 (
b01001011011111011100111101010000 3
#583000
b01001011011111011100111101010000 /
b10000001100000110101011100100110 0
b000 5
b11001101000000010010011001110110 6
b11001001111110100111100000101010 7
b11001101000000010010011001110110 8
09
0:
b0100 >
#584000
b00000000000000000000000110001011 #
b001 5
b11001001111110100111100000101010 8
19
1:
b0111 >
#585000
b00000000000000000000000110001100 #
b00000000000000000000000010111101 $
b01110001001111000101101001101111 %
b10111011110000101100001000011001 &
b00101100111111110001110010001000 '
b10110101011110011001100001010110 (
1)
b01110001001111000101101001101111 3
#586000
b01110001001111000101101001101111 /
b10111011110000101100001000011001 0
11
b000 5
b00101100111111110001110010001000 6
b10110101011110011001100001010110 7
b00101100111111110001110010001000 8
0:
0=
b0010 >
#587000
b00000000000000000000000110001101 #
b001 5
b10110101011110011001100001010110 8
1:
1=
b0111 >
#588000
b00000000000000000000000110001110 #
b00000000000000000000000010111110 $
b11011101010111101100010100000010 %
b00010111101000000101110101110100 &
b11110100111111110010001001110110 '
b11000101101111100110011110001110 (
0)
0+
0,
1.
b11011101010111101100010100000010 3
#589000
b11011101010111101100010100000010 /
b00010111101000000101110101110100 0
01
02
b000 5
b11110100111111110010001001110110 6
b11000101101111100110011110001110 7
b11110100111111110010001001110110 8
09
0:
b0100 >
0@
#590000
b00000000000000000000000110001111 #
b001 5
b11000101101111100110011110001110 8
#591000
b00000000000000000000000110010000 #
b00000000000000000000000010111111 $
b01111001111011111100000001111001 %
b10110011000100010101100000001111 &
b00101101000000010001100010001000 '
b11000110110111100110100001101010 (
1)
1+
1,
0.
b01111001111011111100000001111001 3
#592000
b01111001111011111100000001111001 /
b10110011000100010101100000001111 0
11
12
b000 5
b00101101000000010001100010001000 6
b11000110110111100110100001101010 7
b00101101000000010001100010001000 8
19
0=
b0010 >
1@
#593000
b00000000000000000000000110010001 #
b001 5
b11000110110111100110100001101010 8
1:
1=
b0111 >
#594000
b00000000000000000000000110010010 #
b00000000000000000000000011000000 $
b11000000000111001110111110000100 %
b00001010111000100111011111110010 &
b11001010111111110110011101110110 '
b10110101001110100111011110010010 (
0)
0+
0,
1.
b11000000000111001110111110000100 3
#595000
b11000000000111001110111110000100 /
b00001010111000100111011111110010 0
01
02
b000 5
b11001010111111110110011101110110 6
b10110101001110100111011110010010 7
b11001010111111110110011101110110 8
09
0:
b0100 >
0@
#596000
b00000000000000000000000110010011 #
b001 5
b10110101001110100111011110010010 8
#597000
b00000000000000000000000110010100 #
b00000000000000000000000011000001 $
b11101001001110011011010100010011 %
b00100011110001110010110101100101 &
b00001101000000001110001001111000 '
b11000101011100101000011110101110 (
1)
b11101001001110011011010100010011 3
#598000
b11101001001110011011010100010011 /
b00100011110001110010110101100101 0
11
b000 5
b00001101000000001110001001111000 6
b11000101011100101000011110101110 7
b00001101000000001110001001111000 8
19
0=
b0010 >
#599000
b00000000000000000000000110010101 #
b001 5
b11000101011100101000011110101110 8
09
1=
b0100 >
#600000
b00000000000000000000000110010110 #
b00000000000000000000000011000010 $
b11000001010111011011011101010110 %
b00001011101000110010111100100000 &
b11001101000000001110011001110110 '
b10110101101110101000100000110110 (
0)
b11000001010111011011011101010110 3
#601000
b11000001010111011011011101010110 /
b00001011101000110010111100100000 0
01
b000 5
b11001101000000001110011001110110 6
b10110101101110101000100000110110 7
b11001101000000001110011001110110 8
#602000
b00000000000000000000000110010111 #
b001 5
b10110101101110101000100000110110 8
#603000
b00000000000000000000000110011000 #
b00000000000000000000000011000011 $
b01001100101000111000011010111101 %
b10000110010111010001111011001011 &
b11010011000000001010010110001000 '
b11000110010001100110011111110010 (
1+
1,
0.
b01001100101000111000011010111101 3
#604000
b01001100101000111000011010111101 /
b10000110010111010001111011001011 0
12
b000 5
b11010011000000001010010110001000 6
b11000110010001100110011111110010 7
b11010011000000001010010110001000 8
1@
#605000
b00000000000000000000000110011001 #
b001 5
b11000110010001100110011111110010 8
19
1:
b0111 >
#606000
b00000000000000000000000110011010 #
b00000000000000000000000011000100 $
b01110000111000010001100011111000 %
b10111010000111111000000010001110 &
b00101011000000001001100110000110 '
b10110110110000011001100001101010 (
1)
b01110000111000010001100011111000 3
#607000
b01110000111000010001100011111000 /
b10111010000111111000000010001110 0
11
b000 5
b00101011000000001001100110000110 6
b10110110110000011001100001101010 7
b00101011000000001001100110000110 8
0:
0=
b0010 >
#608000
b00000000000000000000000110011011 #
b001 5
b10110110110000011001100001101010 8
1:
1=
b0111 >
#609000
b00000000000000000000000110011100 #
b00000000000000000000000011000101 $
